file_path,label
MI CSV\cellula_MI_data_1.csv,Left
MI CSV\cellula_MI_data_2.csv,Right
MI CSV\cellula_MI_data_3.csv,Left
MI CSV\cellula_MI_data_4.csv,Left
MI CSV\cellula_MI_data_5.csv,Left
MI CSV\cellula_MI_data_6.csv,Right
MI CSV\cellula_MI_data_7.csv,Right
MI CSV\cellula_MI_data_8.csv,Left
MI CSV\cellula_MI_data_9.csv,Left
MI CSV\cellula_MI_data_10.csv,Right
MI CSV\cellula_MI_data_11.csv,Left
MI CSV\cellula_MI_data_12.csv,Right
MI CSV\cellula_MI_data_13.csv,Left
MI CSV\cellula_MI_data_14.csv,Left
MI CSV\cellula_MI_data_15.csv,Left
MI CSV\cellula_MI_data_16.csv,Right
MI CSV\cellula_MI_data_17.csv,Right
MI CSV\cellula_MI_data_18.csv,Left
MI CSV\cellula_MI_data_19.csv,Right
MI CSV\cellula_MI_data_20.csv,Left
MI CSV\cellula_MI_data_21.csv,Right
MI CSV\cellula_MI_data_22.csv,Left
MI CSV\cellula_MI_data_23.csv,Left
MI CSV\cellula_MI_data_24.csv,Left
MI CSV\cellula_MI_data_25.csv,Left
MI CSV\cellula_MI_data_26.csv,Right
MI CSV\cellula_MI_data_27.csv,Right
MI CSV\cellula_MI_data_28.csv,Right
MI CSV\cellula_MI_data_29.csv,Left
MI CSV\cellula_MI_data_30.csv,Right
MI CSV\cellula_MI_data_31.csv,Left
MI CSV\cellula_MI_data_32.csv,Left
MI CSV\cellula_MI_data_33.csv,Left
MI CSV\cellula_MI_data_34.csv,Right
MI CSV\cellula_MI_data_35.csv,Left
MI CSV\cellula_MI_data_36.csv,Right
MI CSV\cellula_MI_data_37.csv,Right
MI CSV\cellula_MI_data_38.csv,Left
MI CSV\cellula_MI_data_39.csv,Right
MI CSV\cellula_MI_data_40.csv,Left
MI CSV\cellula_MI_data_41.csv,Left
MI CSV\cellula_MI_data_42.csv,Left
MI CSV\cellula_MI_data_43.csv,Left
MI CSV\cellula_MI_data_44.csv,Right
MI CSV\cellula_MI_data_45.csv,Left
MI CSV\cellula_MI_data_46.csv,Left
MI CSV\cellula_MI_data_47.csv,Right
MI CSV\cellula_MI_data_48.csv,Right
MI CSV\cellula_MI_data_49.csv,Right
MI CSV\cellula_MI_data_50.csv,Right
MI CSV\cellula_MI_data_51.csv,Right
MI CSV\cellula_MI_data_52.csv,Right
MI CSV\cellula_MI_data_53.csv,Right
MI CSV\cellula_MI_data_54.csv,Left
MI CSV\cellula_MI_data_55.csv,Right
MI CSV\cellula_MI_data_56.csv,Right
MI CSV\cellula_MI_data_57.csv,Right
MI CSV\cellula_MI_data_58.csv,Left
MI CSV\cellula_MI_data_59.csv,Left
MI CSV\cellula_MI_data_60.csv,Right
MI CSV\cellula_MI_data_61.csv,Left
MI CSV\cellula_MI_data_62.csv,Left
MI CSV\cellula_MI_data_63.csv,Left
MI CSV\cellula_MI_data_64.csv,Left
MI CSV\cellula_MI_data_65.csv,Left
MI CSV\cellula_MI_data_66.csv,Right
MI CSV\cellula_MI_data_67.csv,Right
MI CSV\cellula_MI_data_68.csv,Left
MI CSV\cellula_MI_data_69.csv,Left
MI CSV\cellula_MI_data_70.csv,Left
MI CSV\cellula_MI_data_71.csv,Right
MI CSV\cellula_MI_data_72.csv,Right
MI CSV\cellula_MI_data_73.csv,Right
MI CSV\cellula_MI_data_74.csv,Right
MI CSV\cellula_MI_data_75.csv,Left
MI CSV\cellula_MI_data_76.csv,Left
MI CSV\cellula_MI_data_77.csv,Left
MI CSV\cellula_MI_data_78.csv,Right
MI CSV\cellula_MI_data_79.csv,Right
MI CSV\cellula_MI_data_80.csv,Left
MI CSV\cellula_MI_data_81.csv,Right
MI CSV\cellula_MI_data_82.csv,Left
MI CSV\cellula_MI_data_83.csv,Left
MI CSV\cellula_MI_data_84.csv,Left
MI CSV\cellula_MI_data_85.csv,Right
MI CSV\cellula_MI_data_86.csv,Right
MI CSV\cellula_MI_data_87.csv,Left
MI CSV\cellula_MI_data_88.csv,Right
MI CSV\cellula_MI_data_89.csv,Right
MI CSV\cellula_MI_data_90.csv,Right
MI CSV\cellula_MI_data_91.csv,Left
MI CSV\cellula_MI_data_92.csv,Left
MI CSV\cellula_MI_data_93.csv,Right
MI CSV\cellula_MI_data_94.csv,Right
MI CSV\cellula_MI_data_95.csv,Right
MI CSV\cellula_MI_data_96.csv,Right
MI CSV\cellula_MI_data_97.csv,Left
MI CSV\cellula_MI_data_98.csv,Left
MI CSV\cellula_MI_data_99.csv,Right
MI CSV\cellula_MI_data_100.csv,Left
MI CSV\cellula_MI_data_101.csv,Left
MI CSV\cellula_MI_data_102.csv,Right
MI CSV\cellula_MI_data_103.csv,Left
MI CSV\cellula_MI_data_104.csv,Right
MI CSV\cellula_MI_data_105.csv,Left
MI CSV\cellula_MI_data_106.csv,Left
MI CSV\cellula_MI_data_107.csv,Right
MI CSV\cellula_MI_data_108.csv,Left
MI CSV\cellula_MI_data_109.csv,Right
MI CSV\cellula_MI_data_110.csv,Right
MI CSV\cellula_MI_data_111.csv,Left
MI CSV\cellula_MI_data_112.csv,Left
MI CSV\cellula_MI_data_113.csv,Right
MI CSV\cellula_MI_data_114.csv,Left
MI CSV\cellula_MI_data_115.csv,Left
MI CSV\cellula_MI_data_116.csv,Left
MI CSV\cellula_MI_data_117.csv,Left
MI CSV\cellula_MI_data_118.csv,Right
MI CSV\cellula_MI_data_119.csv,Left
MI CSV\cellula_MI_data_120.csv,Left
MI CSV\cellula_MI_data_121.csv,Left
MI CSV\cellula_MI_data_122.csv,Right
MI CSV\cellula_MI_data_123.csv,Left
MI CSV\cellula_MI_data_124.csv,Left
MI CSV\cellula_MI_data_125.csv,Left
MI CSV\cellula_MI_data_126.csv,Left
MI CSV\cellula_MI_data_127.csv,Right
MI CSV\cellula_MI_data_128.csv,Right
MI CSV\cellula_MI_data_129.csv,Right
MI CSV\cellula_MI_data_130.csv,Left
MI CSV\cellula_MI_data_131.csv,Right
MI CSV\cellula_MI_data_132.csv,Left
MI CSV\cellula_MI_data_133.csv,Right
MI CSV\cellula_MI_data_134.csv,Left
MI CSV\cellula_MI_data_135.csv,Left
MI CSV\cellula_MI_data_136.csv,Right
MI CSV\cellula_MI_data_137.csv,Right
MI CSV\cellula_MI_data_138.csv,Right
MI CSV\cellula_MI_data_139.csv,Left
MI CSV\cellula_MI_data_140.csv,Right
MI CSV\cellula_MI_data_141.csv,Left
MI CSV\cellula_MI_data_142.csv,Right
MI CSV\cellula_MI_data_143.csv,Right
MI CSV\cellula_MI_data_144.csv,Right
MI CSV\cellula_MI_data_145.csv,Right
MI CSV\cellula_MI_data_146.csv,Left
MI CSV\cellula_MI_data_147.csv,Left
MI CSV\cellula_MI_data_148.csv,Right
MI CSV\cellula_MI_data_149.csv,Right
MI CSV\cellula_MI_data_150.csv,Right
MI CSV\cellula_MI_data_151.csv,Right
MI CSV\cellula_MI_data_152.csv,Left
MI CSV\cellula_MI_data_153.csv,Right
MI CSV\cellula_MI_data_154.csv,Right
MI CSV\cellula_MI_data_155.csv,Left
MI CSV\cellula_MI_data_156.csv,Left
MI CSV\cellula_MI_data_157.csv,Left
MI CSV\cellula_MI_data_158.csv,Left
MI CSV\cellula_MI_data_159.csv,Left
MI CSV\cellula_MI_data_160.csv,Right
MI CSV\cellula_MI_data_161.csv,Left
MI CSV\cellula_MI_data_162.csv,Left
MI CSV\cellula_MI_data_163.csv,Right
MI CSV\cellula_MI_data_164.csv,Left
MI CSV\cellula_MI_data_165.csv,Right
MI CSV\cellula_MI_data_166.csv,Left
MI CSV\cellula_MI_data_167.csv,Right
MI CSV\cellula_MI_data_168.csv,Right
MI CSV\cellula_MI_data_169.csv,Right
MI CSV\cellula_MI_data_170.csv,Left
MI CSV\cellula_MI_data_171.csv,Left
MI CSV\cellula_MI_data_172.csv,Left
MI CSV\cellula_MI_data_173.csv,Left
MI CSV\cellula_MI_data_174.csv,Right
MI CSV\cellula_MI_data_175.csv,Left
MI CSV\cellula_MI_data_176.csv,Left
MI CSV\cellula_MI_data_177.csv,Right
MI CSV\cellula_MI_data_178.csv,Right
MI CSV\cellula_MI_data_179.csv,Right
MI CSV\cellula_MI_data_180.csv,Left
MI CSV\cellula_MI_data_181.csv,Left
MI CSV\cellula_MI_data_182.csv,Left
MI CSV\cellula_MI_data_183.csv,Right
MI CSV\cellula_MI_data_184.csv,Left
MI CSV\cellula_MI_data_185.csv,Left
MI CSV\cellula_MI_data_186.csv,Right
MI CSV\cellula_MI_data_187.csv,Left
MI CSV\cellula_MI_data_188.csv,Left
MI CSV\cellula_MI_data_189.csv,Right
MI CSV\cellula_MI_data_190.csv,Right
MI CSV\cellula_MI_data_191.csv,Right
MI CSV\cellula_MI_data_192.csv,Right
MI CSV\cellula_MI_data_193.csv,Right
MI CSV\cellula_MI_data_194.csv,Left
MI CSV\cellula_MI_data_195.csv,Right
MI CSV\cellula_MI_data_196.csv,Right
MI CSV\cellula_MI_data_197.csv,Left
MI CSV\cellula_MI_data_198.csv,Left
MI CSV\cellula_MI_data_199.csv,Left
MI CSV\cellula_MI_data_200.csv,Right
MI CSV\cellula_MI_data_201.csv,Left
MI CSV\cellula_MI_data_202.csv,Right
MI CSV\cellula_MI_data_203.csv,Right
MI CSV\cellula_MI_data_204.csv,Right
MI CSV\cellula_MI_data_205.csv,Left
MI CSV\cellula_MI_data_206.csv,Left
MI CSV\cellula_MI_data_207.csv,Right
MI CSV\cellula_MI_data_208.csv,Left
MI CSV\cellula_MI_data_209.csv,Left
MI CSV\cellula_MI_data_210.csv,Left
MI CSV\cellula_MI_data_211.csv,Right
MI CSV\cellula_MI_data_212.csv,Left
MI CSV\cellula_MI_data_213.csv,Right
MI CSV\cellula_MI_data_214.csv,Left
MI CSV\cellula_MI_data_215.csv,Left
MI CSV\cellula_MI_data_216.csv,Right
MI CSV\cellula_MI_data_217.csv,Left
MI CSV\cellula_MI_data_218.csv,Left
MI CSV\cellula_MI_data_219.csv,Left
MI CSV\cellula_MI_data_220.csv,Left
MI CSV\cellula_MI_data_221.csv,Right
MI CSV\cellula_MI_data_222.csv,Right
MI CSV\cellula_MI_data_223.csv,Right
MI CSV\cellula_MI_data_224.csv,Left
MI CSV\cellula_MI_data_225.csv,Left
MI CSV\cellula_MI_data_226.csv,Right
MI CSV\cellula_MI_data_227.csv,Right
MI CSV\cellula_MI_data_228.csv,Right
MI CSV\cellula_MI_data_229.csv,Right
MI CSV\cellula_MI_data_230.csv,Right
MI CSV\cellula_MI_data_231.csv,Left
MI CSV\cellula_MI_data_232.csv,Right
MI CSV\cellula_MI_data_233.csv,Right
MI CSV\cellula_MI_data_234.csv,Left
MI CSV\cellula_MI_data_235.csv,Left
MI CSV\cellula_MI_data_236.csv,Right
MI CSV\cellula_MI_data_237.csv,Left
MI CSV\cellula_MI_data_238.csv,Right
MI CSV\cellula_MI_data_239.csv,Left
MI CSV\cellula_MI_data_240.csv,Left
MI CSV\cellula_MI_data_241.csv,Right
MI CSV\cellula_MI_data_242.csv,Right
MI CSV\cellula_MI_data_243.csv,Left
MI CSV\cellula_MI_data_244.csv,Right
MI CSV\cellula_MI_data_245.csv,Left
MI CSV\cellula_MI_data_246.csv,Left
MI CSV\cellula_MI_data_247.csv,Right
MI CSV\cellula_MI_data_248.csv,Right
MI CSV\cellula_MI_data_249.csv,Right
MI CSV\cellula_MI_data_250.csv,Right
MI CSV\cellula_MI_data_251.csv,Left
MI CSV\cellula_MI_data_252.csv,Right
MI CSV\cellula_MI_data_253.csv,Left
MI CSV\cellula_MI_data_254.csv,Right
MI CSV\cellula_MI_data_255.csv,Right
MI CSV\cellula_MI_data_256.csv,Right
MI CSV\cellula_MI_data_257.csv,Left
MI CSV\cellula_MI_data_258.csv,Left
MI CSV\cellula_MI_data_259.csv,Right
MI CSV\cellula_MI_data_260.csv,Right
MI CSV\cellula_MI_data_261.csv,Left
MI CSV\cellula_MI_data_262.csv,Left
MI CSV\cellula_MI_data_263.csv,Left
MI CSV\cellula_MI_data_264.csv,Left
MI CSV\cellula_MI_data_265.csv,Right
MI CSV\cellula_MI_data_266.csv,Left
MI CSV\cellula_MI_data_267.csv,Left
MI CSV\cellula_MI_data_268.csv,Left
MI CSV\cellula_MI_data_269.csv,Left
MI CSV\cellula_MI_data_270.csv,Right
MI CSV\cellula_MI_data_271.csv,Left
MI CSV\cellula_MI_data_272.csv,Right
MI CSV\cellula_MI_data_273.csv,Right
MI CSV\cellula_MI_data_274.csv,Right
MI CSV\cellula_MI_data_275.csv,Left
MI CSV\cellula_MI_data_276.csv,Right
MI CSV\cellula_MI_data_277.csv,Left
MI CSV\cellula_MI_data_278.csv,Left
MI CSV\cellula_MI_data_279.csv,Left
MI CSV\cellula_MI_data_280.csv,Left
MI CSV\cellula_MI_data_281.csv,Left
MI CSV\cellula_MI_data_282.csv,Right
MI CSV\cellula_MI_data_283.csv,Right
MI CSV\cellula_MI_data_284.csv,Right
MI CSV\cellula_MI_data_285.csv,Right
MI CSV\cellula_MI_data_286.csv,Right
MI CSV\cellula_MI_data_287.csv,Right
MI CSV\cellula_MI_data_288.csv,Right
MI CSV\cellula_MI_data_289.csv,Left
MI CSV\cellula_MI_data_290.csv,Left
MI CSV\cellula_MI_data_291.csv,Right
MI CSV\cellula_MI_data_292.csv,Left
MI CSV\cellula_MI_data_293.csv,Left
MI CSV\cellula_MI_data_294.csv,Right
MI CSV\cellula_MI_data_295.csv,Right
MI CSV\cellula_MI_data_296.csv,Left
MI CSV\cellula_MI_data_297.csv,Left
MI CSV\cellula_MI_data_298.csv,Left
MI CSV\cellula_MI_data_299.csv,Right
MI CSV\cellula_MI_data_300.csv,Right
MI CSV\cellula_MI_data_301.csv,Right
MI CSV\cellula_MI_data_302.csv,Right
MI CSV\cellula_MI_data_303.csv,Right
MI CSV\cellula_MI_data_304.csv,Left
MI CSV\cellula_MI_data_305.csv,Right
MI CSV\cellula_MI_data_306.csv,Left
MI CSV\cellula_MI_data_307.csv,Right
MI CSV\cellula_MI_data_308.csv,Right
MI CSV\cellula_MI_data_309.csv,Right
MI CSV\cellula_MI_data_310.csv,Left
MI CSV\cellula_MI_data_311.csv,Right
MI CSV\cellula_MI_data_312.csv,Left
MI CSV\cellula_MI_data_313.csv,Right
MI CSV\cellula_MI_data_314.csv,Left
MI CSV\cellula_MI_data_315.csv,Left
MI CSV\cellula_MI_data_316.csv,Left
MI CSV\cellula_MI_data_317.csv,Left
MI CSV\cellula_MI_data_318.csv,Left
MI CSV\cellula_MI_data_319.csv,Right
MI CSV\cellula_MI_data_320.csv,Left
MI CSV\cellula_MI_data_321.csv,Right
MI CSV\cellula_MI_data_322.csv,Left
MI CSV\cellula_MI_data_323.csv,Right
MI CSV\cellula_MI_data_324.csv,Left
MI CSV\cellula_MI_data_325.csv,Right
MI CSV\cellula_MI_data_326.csv,Right
MI CSV\cellula_MI_data_327.csv,Left
MI CSV\cellula_MI_data_328.csv,Right
MI CSV\cellula_MI_data_329.csv,Right
MI CSV\cellula_MI_data_330.csv,Left
MI CSV\cellula_MI_data_331.csv,Right
MI CSV\cellula_MI_data_332.csv,Left
MI CSV\cellula_MI_data_333.csv,Right
MI CSV\cellula_MI_data_334.csv,Left
MI CSV\cellula_MI_data_335.csv,Left
MI CSV\cellula_MI_data_336.csv,Left
MI CSV\cellula_MI_data_337.csv,Left
MI CSV\cellula_MI_data_338.csv,Left
MI CSV\cellula_MI_data_339.csv,Left
MI CSV\cellula_MI_data_340.csv,Left
MI CSV\cellula_MI_data_341.csv,Right
MI CSV\cellula_MI_data_342.csv,Left
MI CSV\cellula_MI_data_343.csv,Left
MI CSV\cellula_MI_data_344.csv,Left
MI CSV\cellula_MI_data_345.csv,Right
MI CSV\cellula_MI_data_346.csv,Right
MI CSV\cellula_MI_data_347.csv,Left
MI CSV\cellula_MI_data_348.csv,Right
MI CSV\cellula_MI_data_349.csv,Right
MI CSV\cellula_MI_data_350.csv,Left
MI CSV\cellula_MI_data_351.csv,Right
MI CSV\cellula_MI_data_352.csv,Right
MI CSV\cellula_MI_data_353.csv,Right
MI CSV\cellula_MI_data_354.csv,Right
MI CSV\cellula_MI_data_355.csv,Right
MI CSV\cellula_MI_data_356.csv,Left
MI CSV\cellula_MI_data_357.csv,Left
MI CSV\cellula_MI_data_358.csv,Right
MI CSV\cellula_MI_data_359.csv,Left
MI CSV\cellula_MI_data_360.csv,Left
MI CSV\cellula_MI_data_361.csv,Left
MI CSV\cellula_MI_data_362.csv,Left
MI CSV\cellula_MI_data_363.csv,Left
MI CSV\cellula_MI_data_364.csv,Right
MI CSV\cellula_MI_data_365.csv,Left
MI CSV\cellula_MI_data_366.csv,Left
MI CSV\cellula_MI_data_367.csv,Right
MI CSV\cellula_MI_data_368.csv,Right
MI CSV\cellula_MI_data_369.csv,Right
MI CSV\cellula_MI_data_370.csv,Right
MI CSV\cellula_MI_data_371.csv,Left
MI CSV\cellula_MI_data_372.csv,Right
MI CSV\cellula_MI_data_373.csv,Right
MI CSV\cellula_MI_data_374.csv,Left
MI CSV\cellula_MI_data_375.csv,Left
MI CSV\cellula_MI_data_376.csv,Left
MI CSV\cellula_MI_data_377.csv,Left
MI CSV\cellula_MI_data_378.csv,Left
MI CSV\cellula_MI_data_379.csv,Left
MI CSV\cellula_MI_data_380.csv,Right
MI CSV\cellula_MI_data_381.csv,Left
MI CSV\cellula_MI_data_382.csv,Left
MI CSV\cellula_MI_data_383.csv,Left
MI CSV\cellula_MI_data_384.csv,Right
MI CSV\cellula_MI_data_385.csv,Left
MI CSV\cellula_MI_data_386.csv,Left
MI CSV\cellula_MI_data_387.csv,Left
MI CSV\cellula_MI_data_388.csv,Right
MI CSV\cellula_MI_data_389.csv,Right
MI CSV\cellula_MI_data_390.csv,Right
MI CSV\cellula_MI_data_391.csv,Right
MI CSV\cellula_MI_data_392.csv,Right
MI CSV\cellula_MI_data_393.csv,Left
MI CSV\cellula_MI_data_394.csv,Left
MI CSV\cellula_MI_data_395.csv,Left
MI CSV\cellula_MI_data_396.csv,Left
MI CSV\cellula_MI_data_397.csv,Left
MI CSV\cellula_MI_data_398.csv,Right
MI CSV\cellula_MI_data_399.csv,Right
MI CSV\cellula_MI_data_400.csv,Right
MI CSV\cellula_MI_data_401.csv,Left
MI CSV\cellula_MI_data_402.csv,Right
MI CSV\cellula_MI_data_403.csv,Right
MI CSV\cellula_MI_data_404.csv,Left
MI CSV\cellula_MI_data_405.csv,Left
MI CSV\cellula_MI_data_406.csv,Left
MI CSV\cellula_MI_data_407.csv,Right
MI CSV\cellula_MI_data_408.csv,Right
MI CSV\cellula_MI_data_409.csv,Left
MI CSV\cellula_MI_data_410.csv,Left
MI CSV\cellula_MI_data_411.csv,Left
MI CSV\cellula_MI_data_412.csv,Left
MI CSV\cellula_MI_data_413.csv,Right
MI CSV\cellula_MI_data_414.csv,Left
MI CSV\cellula_MI_data_415.csv,Left
MI CSV\cellula_MI_data_416.csv,Right
MI CSV\cellula_MI_data_417.csv,Left
MI CSV\cellula_MI_data_418.csv,Left
MI CSV\cellula_MI_data_419.csv,Left
MI CSV\cellula_MI_data_420.csv,Right
MI CSV\cellula_MI_data_421.csv,Right
MI CSV\cellula_MI_data_422.csv,Left
MI CSV\cellula_MI_data_423.csv,Left
MI CSV\cellula_MI_data_424.csv,Right
MI CSV\cellula_MI_data_425.csv,Left
MI CSV\cellula_MI_data_426.csv,Right
MI CSV\cellula_MI_data_427.csv,Left
MI CSV\cellula_MI_data_428.csv,Left
MI CSV\cellula_MI_data_429.csv,Left
MI CSV\cellula_MI_data_430.csv,Right
MI CSV\cellula_MI_data_431.csv,Right
MI CSV\cellula_MI_data_432.csv,Right
MI CSV\cellula_MI_data_433.csv,Right
MI CSV\cellula_MI_data_434.csv,Right
MI CSV\cellula_MI_data_435.csv,Left
MI CSV\cellula_MI_data_436.csv,Left
MI CSV\cellula_MI_data_437.csv,Right
MI CSV\cellula_MI_data_438.csv,Left
MI CSV\cellula_MI_data_439.csv,Left
MI CSV\cellula_MI_data_440.csv,Left
MI CSV\cellula_MI_data_441.csv,Right
MI CSV\cellula_MI_data_442.csv,Left
MI CSV\cellula_MI_data_443.csv,Right
MI CSV\cellula_MI_data_444.csv,Right
MI CSV\cellula_MI_data_445.csv,Right
MI CSV\cellula_MI_data_446.csv,Left
MI CSV\cellula_MI_data_447.csv,Left
MI CSV\cellula_MI_data_448.csv,Left
MI CSV\cellula_MI_data_449.csv,Left
MI CSV\cellula_MI_data_450.csv,Right
MI CSV\cellula_MI_data_451.csv,Right
MI CSV\cellula_MI_data_452.csv,Right
MI CSV\cellula_MI_data_453.csv,Left
MI CSV\cellula_MI_data_454.csv,Right
MI CSV\cellula_MI_data_455.csv,Left
MI CSV\cellula_MI_data_456.csv,Left
MI CSV\cellula_MI_data_457.csv,Right
MI CSV\cellula_MI_data_458.csv,Right
MI CSV\cellula_MI_data_459.csv,Right
MI CSV\cellula_MI_data_460.csv,Left
MI CSV\cellula_MI_data_461.csv,Right
MI CSV\cellula_MI_data_462.csv,Right
MI CSV\cellula_MI_data_463.csv,Right
MI CSV\cellula_MI_data_464.csv,Right
MI CSV\cellula_MI_data_465.csv,Right
MI CSV\cellula_MI_data_466.csv,Right
MI CSV\cellula_MI_data_467.csv,Right
MI CSV\cellula_MI_data_468.csv,Right
MI CSV\cellula_MI_data_469.csv,Left
MI CSV\cellula_MI_data_470.csv,Left
MI CSV\cellula_MI_data_471.csv,Left
MI CSV\cellula_MI_data_472.csv,Right
MI CSV\cellula_MI_data_473.csv,Right
MI CSV\cellula_MI_data_474.csv,Right
MI CSV\cellula_MI_data_475.csv,Left
MI CSV\cellula_MI_data_476.csv,Left
MI CSV\cellula_MI_data_477.csv,Left
MI CSV\cellula_MI_data_478.csv,Right
MI CSV\cellula_MI_data_479.csv,Right
MI CSV\cellula_MI_data_480.csv,Left
MI CSV\cellula_MI_data_481.csv,Right
MI CSV\cellula_MI_data_482.csv,Left
MI CSV\cellula_MI_data_483.csv,Left
MI CSV\cellula_MI_data_484.csv,Right
MI CSV\cellula_MI_data_485.csv,Right
MI CSV\cellula_MI_data_486.csv,Left
MI CSV\cellula_MI_data_487.csv,Right
MI CSV\cellula_MI_data_488.csv,Right
MI CSV\cellula_MI_data_489.csv,Left
MI CSV\cellula_MI_data_490.csv,Left
MI CSV\cellula_MI_data_491.csv,Right
MI CSV\cellula_MI_data_492.csv,Left
MI CSV\cellula_MI_data_493.csv,Left
MI CSV\cellula_MI_data_494.csv,Left
MI CSV\cellula_MI_data_495.csv,Right
MI CSV\cellula_MI_data_496.csv,Left
MI CSV\cellula_MI_data_497.csv,Right
MI CSV\cellula_MI_data_498.csv,Left
MI CSV\cellula_MI_data_499.csv,Left
MI CSV\cellula_MI_data_500.csv,Right
MI CSV\cellula_MI_data_501.csv,Right
MI CSV\cellula_MI_data_502.csv,Left
MI CSV\cellula_MI_data_503.csv,Left
MI CSV\cellula_MI_data_504.csv,Left
MI CSV\cellula_MI_data_505.csv,Left
MI CSV\cellula_MI_data_506.csv,Left
MI CSV\cellula_MI_data_507.csv,Left
MI CSV\cellula_MI_data_508.csv,Left
MI CSV\cellula_MI_data_509.csv,Left
MI CSV\cellula_MI_data_510.csv,Left
MI CSV\cellula_MI_data_511.csv,Right
MI CSV\cellula_MI_data_512.csv,Left
MI CSV\cellula_MI_data_513.csv,Left
MI CSV\cellula_MI_data_514.csv,Right
MI CSV\cellula_MI_data_515.csv,Left
MI CSV\cellula_MI_data_516.csv,Right
MI CSV\cellula_MI_data_517.csv,Right
MI CSV\cellula_MI_data_518.csv,Right
MI CSV\cellula_MI_data_519.csv,Left
MI CSV\cellula_MI_data_520.csv,Right
MI CSV\cellula_MI_data_521.csv,Left
MI CSV\cellula_MI_data_522.csv,Left
MI CSV\cellula_MI_data_523.csv,Left
MI CSV\cellula_MI_data_524.csv,Right
MI CSV\cellula_MI_data_525.csv,Left
MI CSV\cellula_MI_data_526.csv,Left
MI CSV\cellula_MI_data_527.csv,Left
MI CSV\cellula_MI_data_528.csv,Right
MI CSV\cellula_MI_data_529.csv,Left
MI CSV\cellula_MI_data_530.csv,Left
MI CSV\cellula_MI_data_531.csv,Left
MI CSV\cellula_MI_data_532.csv,Left
MI CSV\cellula_MI_data_533.csv,Left
MI CSV\cellula_MI_data_534.csv,Left
MI CSV\cellula_MI_data_535.csv,Left
MI CSV\cellula_MI_data_536.csv,Right
MI CSV\cellula_MI_data_537.csv,Right
MI CSV\cellula_MI_data_538.csv,Right
MI CSV\cellula_MI_data_539.csv,Right
MI CSV\cellula_MI_data_540.csv,Left
MI CSV\cellula_MI_data_541.csv,Left
MI CSV\cellula_MI_data_542.csv,Left
MI CSV\cellula_MI_data_543.csv,Right
MI CSV\cellula_MI_data_544.csv,Left
MI CSV\cellula_MI_data_545.csv,Left
MI CSV\cellula_MI_data_546.csv,Left
MI CSV\cellula_MI_data_547.csv,Right
MI CSV\cellula_MI_data_548.csv,Left
MI CSV\cellula_MI_data_549.csv,Right
MI CSV\cellula_MI_data_550.csv,Right
MI CSV\cellula_MI_data_551.csv,Left
MI CSV\cellula_MI_data_552.csv,Left
MI CSV\cellula_MI_data_553.csv,Right
MI CSV\cellula_MI_data_554.csv,Left
MI CSV\cellula_MI_data_555.csv,Right
MI CSV\cellula_MI_data_556.csv,Right
MI CSV\cellula_MI_data_557.csv,Right
MI CSV\cellula_MI_data_558.csv,Left
MI CSV\cellula_MI_data_559.csv,Right
MI CSV\cellula_MI_data_560.csv,Left
MI CSV\cellula_MI_data_561.csv,Left
MI CSV\cellula_MI_data_562.csv,Left
MI CSV\cellula_MI_data_563.csv,Left
MI CSV\cellula_MI_data_564.csv,Right
MI CSV\cellula_MI_data_565.csv,Left
MI CSV\cellula_MI_data_566.csv,Right
MI CSV\cellula_MI_data_567.csv,Left
MI CSV\cellula_MI_data_568.csv,Left
MI CSV\cellula_MI_data_569.csv,Left
MI CSV\cellula_MI_data_570.csv,Right
MI CSV\cellula_MI_data_571.csv,Left
MI CSV\cellula_MI_data_572.csv,Left
MI CSV\cellula_MI_data_573.csv,Left
MI CSV\cellula_MI_data_574.csv,Right
MI CSV\cellula_MI_data_575.csv,Right
MI CSV\cellula_MI_data_576.csv,Right
MI CSV\cellula_MI_data_577.csv,Left
MI CSV\cellula_MI_data_578.csv,Left
MI CSV\cellula_MI_data_579.csv,Right
MI CSV\cellula_MI_data_580.csv,Right
MI CSV\cellula_MI_data_581.csv,Left
MI CSV\cellula_MI_data_582.csv,Right
MI CSV\cellula_MI_data_583.csv,Right
MI CSV\cellula_MI_data_584.csv,Right
MI CSV\cellula_MI_data_585.csv,Left
MI CSV\cellula_MI_data_586.csv,Right
MI CSV\cellula_MI_data_587.csv,Right
MI CSV\cellula_MI_data_588.csv,Left
MI CSV\cellula_MI_data_589.csv,Left
MI CSV\cellula_MI_data_590.csv,Right
MI CSV\cellula_MI_data_591.csv,Right
MI CSV\cellula_MI_data_592.csv,Left
MI CSV\cellula_MI_data_593.csv,Left
MI CSV\cellula_MI_data_594.csv,Left
MI CSV\cellula_MI_data_595.csv,Left
MI CSV\cellula_MI_data_596.csv,Right
MI CSV\cellula_MI_data_597.csv,Right
MI CSV\cellula_MI_data_598.csv,Left
MI CSV\cellula_MI_data_599.csv,Left
MI CSV\cellula_MI_data_600.csv,Right
MI CSV\cellula_MI_data_601.csv,Left
MI CSV\cellula_MI_data_602.csv,Left
MI CSV\cellula_MI_data_603.csv,Right
MI CSV\cellula_MI_data_604.csv,Right
MI CSV\cellula_MI_data_605.csv,Right
MI CSV\cellula_MI_data_606.csv,Left
MI CSV\cellula_MI_data_607.csv,Right
MI CSV\cellula_MI_data_608.csv,Left
MI CSV\cellula_MI_data_609.csv,Right
MI CSV\cellula_MI_data_610.csv,Right
MI CSV\cellula_MI_data_611.csv,Left
MI CSV\cellula_MI_data_612.csv,Left
MI CSV\cellula_MI_data_613.csv,Left
MI CSV\cellula_MI_data_614.csv,Right
MI CSV\cellula_MI_data_615.csv,Right
MI CSV\cellula_MI_data_616.csv,Left
MI CSV\cellula_MI_data_617.csv,Right
MI CSV\cellula_MI_data_618.csv,Left
MI CSV\cellula_MI_data_619.csv,Right
MI CSV\cellula_MI_data_620.csv,Right
MI CSV\cellula_MI_data_621.csv,Left
MI CSV\cellula_MI_data_622.csv,Right
MI CSV\cellula_MI_data_623.csv,Right
MI CSV\cellula_MI_data_624.csv,Right
MI CSV\cellula_MI_data_625.csv,Left
MI CSV\cellula_MI_data_626.csv,Right
MI CSV\cellula_MI_data_627.csv,Left
MI CSV\cellula_MI_data_628.csv,Right
MI CSV\cellula_MI_data_629.csv,Left
MI CSV\cellula_MI_data_630.csv,Right
MI CSV\cellula_MI_data_631.csv,Left
MI CSV\cellula_MI_data_632.csv,Right
MI CSV\cellula_MI_data_633.csv,Left
MI CSV\cellula_MI_data_634.csv,Right
MI CSV\cellula_MI_data_635.csv,Left
MI CSV\cellula_MI_data_636.csv,Right
MI CSV\cellula_MI_data_637.csv,Left
MI CSV\cellula_MI_data_638.csv,Left
MI CSV\cellula_MI_data_639.csv,Right
MI CSV\cellula_MI_data_640.csv,Right
MI CSV\cellula_MI_data_641.csv,Right
MI CSV\cellula_MI_data_642.csv,Left
MI CSV\cellula_MI_data_643.csv,Left
MI CSV\cellula_MI_data_644.csv,Right
MI CSV\cellula_MI_data_645.csv,Left
MI CSV\cellula_MI_data_646.csv,Right
MI CSV\cellula_MI_data_647.csv,Right
MI CSV\cellula_MI_data_648.csv,Right
MI CSV\cellula_MI_data_649.csv,Right
MI CSV\cellula_MI_data_650.csv,Left
MI CSV\cellula_MI_data_651.csv,Left
MI CSV\cellula_MI_data_652.csv,Right
MI CSV\cellula_MI_data_653.csv,Left
MI CSV\cellula_MI_data_654.csv,Right
MI CSV\cellula_MI_data_655.csv,Left
MI CSV\cellula_MI_data_656.csv,Right
MI CSV\cellula_MI_data_657.csv,Right
MI CSV\cellula_MI_data_658.csv,Right
MI CSV\cellula_MI_data_659.csv,Right
MI CSV\cellula_MI_data_660.csv,Right
MI CSV\cellula_MI_data_661.csv,Right
MI CSV\cellula_MI_data_662.csv,Left
MI CSV\cellula_MI_data_663.csv,Left
MI CSV\cellula_MI_data_664.csv,Right
MI CSV\cellula_MI_data_665.csv,Right
MI CSV\cellula_MI_data_666.csv,Left
MI CSV\cellula_MI_data_667.csv,Left
MI CSV\cellula_MI_data_668.csv,Right
MI CSV\cellula_MI_data_669.csv,Left
MI CSV\cellula_MI_data_670.csv,Left
MI CSV\cellula_MI_data_671.csv,Left
MI CSV\cellula_MI_data_672.csv,Left
MI CSV\cellula_MI_data_673.csv,Left
MI CSV\cellula_MI_data_674.csv,Left
MI CSV\cellula_MI_data_675.csv,Left
MI CSV\cellula_MI_data_676.csv,Right
MI CSV\cellula_MI_data_677.csv,Left
MI CSV\cellula_MI_data_678.csv,Right
MI CSV\cellula_MI_data_679.csv,Left
MI CSV\cellula_MI_data_680.csv,Left
MI CSV\cellula_MI_data_681.csv,Left
MI CSV\cellula_MI_data_682.csv,Right
MI CSV\cellula_MI_data_683.csv,Left
MI CSV\cellula_MI_data_684.csv,Right
MI CSV\cellula_MI_data_685.csv,Right
MI CSV\cellula_MI_data_686.csv,Left
MI CSV\cellula_MI_data_687.csv,Right
MI CSV\cellula_MI_data_688.csv,Right
MI CSV\cellula_MI_data_689.csv,Left
MI CSV\cellula_MI_data_690.csv,Right
MI CSV\cellula_MI_data_691.csv,Left
MI CSV\cellula_MI_data_692.csv,Right
MI CSV\cellula_MI_data_693.csv,Left
MI CSV\cellula_MI_data_694.csv,Left
MI CSV\cellula_MI_data_695.csv,Right
MI CSV\cellula_MI_data_696.csv,Right
MI CSV\cellula_MI_data_697.csv,Right
MI CSV\cellula_MI_data_698.csv,Right
MI CSV\cellula_MI_data_699.csv,Right
MI CSV\cellula_MI_data_700.csv,Left
MI CSV\cellula_MI_data_701.csv,Left
MI CSV\cellula_MI_data_702.csv,Right
MI CSV\cellula_MI_data_703.csv,Right
MI CSV\cellula_MI_data_704.csv,Left
MI CSV\cellula_MI_data_705.csv,Left
MI CSV\cellula_MI_data_706.csv,Left
MI CSV\cellula_MI_data_707.csv,Right
MI CSV\cellula_MI_data_708.csv,Left
MI CSV\cellula_MI_data_709.csv,Right
MI CSV\cellula_MI_data_710.csv,Right
MI CSV\cellula_MI_data_711.csv,Left
MI CSV\cellula_MI_data_712.csv,Right
MI CSV\cellula_MI_data_713.csv,Right
MI CSV\cellula_MI_data_714.csv,Left
MI CSV\cellula_MI_data_715.csv,Right
MI CSV\cellula_MI_data_716.csv,Left
MI CSV\cellula_MI_data_717.csv,Left
MI CSV\cellula_MI_data_718.csv,Right
MI CSV\cellula_MI_data_719.csv,Right
MI CSV\cellula_MI_data_720.csv,Right
MI CSV\cellula_MI_data_721.csv,Right
MI CSV\cellula_MI_data_722.csv,Left
MI CSV\cellula_MI_data_723.csv,Right
MI CSV\cellula_MI_data_724.csv,Right
MI CSV\cellula_MI_data_725.csv,Right
MI CSV\cellula_MI_data_726.csv,Left
MI CSV\cellula_MI_data_727.csv,Right
MI CSV\cellula_MI_data_728.csv,Left
MI CSV\cellula_MI_data_729.csv,Left
MI CSV\cellula_MI_data_730.csv,Left
MI CSV\cellula_MI_data_731.csv,Right
MI CSV\cellula_MI_data_732.csv,Right
MI CSV\cellula_MI_data_733.csv,Right
MI CSV\cellula_MI_data_734.csv,Left
MI CSV\cellula_MI_data_735.csv,Left
MI CSV\cellula_MI_data_736.csv,Left
MI CSV\cellula_MI_data_737.csv,Right
MI CSV\cellula_MI_data_738.csv,Left
MI CSV\cellula_MI_data_739.csv,Left
MI CSV\cellula_MI_data_740.csv,Right
MI CSV\cellula_MI_data_741.csv,Right
MI CSV\cellula_MI_data_742.csv,Left
MI CSV\cellula_MI_data_743.csv,Left
MI CSV\cellula_MI_data_744.csv,Right
MI CSV\cellula_MI_data_745.csv,Left
MI CSV\cellula_MI_data_746.csv,Right
MI CSV\cellula_MI_data_747.csv,Right
MI CSV\cellula_MI_data_748.csv,Left
MI CSV\cellula_MI_data_749.csv,Right
MI CSV\cellula_MI_data_750.csv,Left
MI CSV\cellula_MI_data_751.csv,Right
MI CSV\cellula_MI_data_752.csv,Left
MI CSV\cellula_MI_data_753.csv,Right
MI CSV\cellula_MI_data_754.csv,Left
MI CSV\cellula_MI_data_755.csv,Right
MI CSV\cellula_MI_data_756.csv,Right
MI CSV\cellula_MI_data_757.csv,Left
MI CSV\cellula_MI_data_758.csv,Right
MI CSV\cellula_MI_data_759.csv,Right
MI CSV\cellula_MI_data_760.csv,Left
MI CSV\cellula_MI_data_761.csv,Right
MI CSV\cellula_MI_data_762.csv,Right
MI CSV\cellula_MI_data_763.csv,Right
MI CSV\cellula_MI_data_764.csv,Right
MI CSV\cellula_MI_data_765.csv,Right
MI CSV\cellula_MI_data_766.csv,Left
MI CSV\cellula_MI_data_767.csv,Right
MI CSV\cellula_MI_data_768.csv,Right
MI CSV\cellula_MI_data_769.csv,Left
MI CSV\cellula_MI_data_770.csv,Right
MI CSV\cellula_MI_data_771.csv,Right
MI CSV\cellula_MI_data_772.csv,Left
MI CSV\cellula_MI_data_773.csv,Left
MI CSV\cellula_MI_data_774.csv,Left
MI CSV\cellula_MI_data_775.csv,Left
MI CSV\cellula_MI_data_776.csv,Left
MI CSV\cellula_MI_data_777.csv,Left
MI CSV\cellula_MI_data_778.csv,Right
MI CSV\cellula_MI_data_779.csv,Right
MI CSV\cellula_MI_data_780.csv,Right
MI CSV\cellula_MI_data_781.csv,Right
MI CSV\cellula_MI_data_782.csv,Left
MI CSV\cellula_MI_data_783.csv,Right
MI CSV\cellula_MI_data_784.csv,Left
MI CSV\cellula_MI_data_785.csv,Left
MI CSV\cellula_MI_data_786.csv,Right
MI CSV\cellula_MI_data_787.csv,Left
MI CSV\cellula_MI_data_788.csv,Left
MI CSV\cellula_MI_data_789.csv,Left
MI CSV\cellula_MI_data_790.csv,Left
MI CSV\cellula_MI_data_791.csv,Left
MI CSV\cellula_MI_data_792.csv,Left
MI CSV\cellula_MI_data_793.csv,Left
MI CSV\cellula_MI_data_794.csv,Left
MI CSV\cellula_MI_data_795.csv,Right
MI CSV\cellula_MI_data_796.csv,Left
MI CSV\cellula_MI_data_797.csv,Left
MI CSV\cellula_MI_data_798.csv,Right
MI CSV\cellula_MI_data_799.csv,Right
MI CSV\cellula_MI_data_800.csv,Right
MI CSV\cellula_MI_data_801.csv,Left
MI CSV\cellula_MI_data_802.csv,Left
MI CSV\cellula_MI_data_803.csv,Right
MI CSV\cellula_MI_data_804.csv,Left
MI CSV\cellula_MI_data_805.csv,Right
MI CSV\cellula_MI_data_806.csv,Right
MI CSV\cellula_MI_data_807.csv,Left
MI CSV\cellula_MI_data_808.csv,Right
MI CSV\cellula_MI_data_809.csv,Right
MI CSV\cellula_MI_data_810.csv,Left
MI CSV\cellula_MI_data_811.csv,Right
MI CSV\cellula_MI_data_812.csv,Right
MI CSV\cellula_MI_data_813.csv,Left
MI CSV\cellula_MI_data_814.csv,Left
MI CSV\cellula_MI_data_815.csv,Left
MI CSV\cellula_MI_data_816.csv,Left
MI CSV\cellula_MI_data_817.csv,Right
MI CSV\cellula_MI_data_818.csv,Right
MI CSV\cellula_MI_data_819.csv,Left
MI CSV\cellula_MI_data_820.csv,Right
MI CSV\cellula_MI_data_821.csv,Left
MI CSV\cellula_MI_data_822.csv,Right
MI CSV\cellula_MI_data_823.csv,Left
MI CSV\cellula_MI_data_824.csv,Right
MI CSV\cellula_MI_data_825.csv,Left
MI CSV\cellula_MI_data_826.csv,Right
MI CSV\cellula_MI_data_827.csv,Right
MI CSV\cellula_MI_data_828.csv,Right
MI CSV\cellula_MI_data_829.csv,Left
MI CSV\cellula_MI_data_830.csv,Right
MI CSV\cellula_MI_data_831.csv,Right
MI CSV\cellula_MI_data_832.csv,Left
MI CSV\cellula_MI_data_833.csv,Left
MI CSV\cellula_MI_data_834.csv,Left
MI CSV\cellula_MI_data_835.csv,Left
MI CSV\cellula_MI_data_836.csv,Left
MI CSV\cellula_MI_data_837.csv,Left
MI CSV\cellula_MI_data_838.csv,Right
MI CSV\cellula_MI_data_839.csv,Right
MI CSV\cellula_MI_data_840.csv,Left
MI CSV\cellula_MI_data_841.csv,Left
MI CSV\cellula_MI_data_842.csv,Left
MI CSV\cellula_MI_data_843.csv,Left
MI CSV\cellula_MI_data_844.csv,Right
MI CSV\cellula_MI_data_845.csv,Right
MI CSV\cellula_MI_data_846.csv,Left
MI CSV\cellula_MI_data_847.csv,Left
MI CSV\cellula_MI_data_848.csv,Left
MI CSV\cellula_MI_data_849.csv,Left
MI CSV\cellula_MI_data_850.csv,Left
MI CSV\cellula_MI_data_851.csv,Left
MI CSV\cellula_MI_data_852.csv,Right
MI CSV\cellula_MI_data_853.csv,Right
MI CSV\cellula_MI_data_854.csv,Right
MI CSV\cellula_MI_data_855.csv,Right
MI CSV\cellula_MI_data_856.csv,Right
MI CSV\cellula_MI_data_857.csv,Left
MI CSV\cellula_MI_data_858.csv,Left
MI CSV\cellula_MI_data_859.csv,Right
MI CSV\cellula_MI_data_860.csv,Right
MI CSV\cellula_MI_data_861.csv,Left
MI CSV\cellula_MI_data_862.csv,Left
MI CSV\cellula_MI_data_863.csv,Right
MI CSV\cellula_MI_data_864.csv,Left
MI CSV\cellula_MI_data_865.csv,Right
MI CSV\cellula_MI_data_866.csv,Left
MI CSV\cellula_MI_data_867.csv,Right
MI CSV\cellula_MI_data_868.csv,Left
MI CSV\cellula_MI_data_869.csv,Left
MI CSV\cellula_MI_data_870.csv,Right
MI CSV\cellula_MI_data_871.csv,Right
MI CSV\cellula_MI_data_872.csv,Right
MI CSV\cellula_MI_data_873.csv,Left
MI CSV\cellula_MI_data_874.csv,Right
MI CSV\cellula_MI_data_875.csv,Right
MI CSV\cellula_MI_data_876.csv,Left
MI CSV\cellula_MI_data_877.csv,Right
MI CSV\cellula_MI_data_878.csv,Left
MI CSV\cellula_MI_data_879.csv,Left
MI CSV\cellula_MI_data_880.csv,Left
MI CSV\cellula_MI_data_881.csv,Right
MI CSV\cellula_MI_data_882.csv,Left
MI CSV\cellula_MI_data_883.csv,Left
MI CSV\cellula_MI_data_884.csv,Right
MI CSV\cellula_MI_data_885.csv,Left
MI CSV\cellula_MI_data_886.csv,Left
MI CSV\cellula_MI_data_887.csv,Right
MI CSV\cellula_MI_data_888.csv,Right
MI CSV\cellula_MI_data_889.csv,Right
MI CSV\cellula_MI_data_890.csv,Right
MI CSV\cellula_MI_data_891.csv,Right
MI CSV\cellula_MI_data_892.csv,Right
MI CSV\cellula_MI_data_893.csv,Left
MI CSV\cellula_MI_data_894.csv,Right
MI CSV\cellula_MI_data_895.csv,Right
MI CSV\cellula_MI_data_896.csv,Left
MI CSV\cellula_MI_data_897.csv,Left
MI CSV\cellula_MI_data_898.csv,Left
MI CSV\cellula_MI_data_899.csv,Left
MI CSV\cellula_MI_data_900.csv,Left
MI CSV\cellula_MI_data_901.csv,Right
MI CSV\cellula_MI_data_902.csv,Left
MI CSV\cellula_MI_data_903.csv,Left
MI CSV\cellula_MI_data_904.csv,Left
MI CSV\cellula_MI_data_905.csv,Right
MI CSV\cellula_MI_data_906.csv,Left
MI CSV\cellula_MI_data_907.csv,Right
MI CSV\cellula_MI_data_908.csv,Right
MI CSV\cellula_MI_data_909.csv,Right
MI CSV\cellula_MI_data_910.csv,Right
MI CSV\cellula_MI_data_911.csv,Right
MI CSV\cellula_MI_data_912.csv,Right
MI CSV\cellula_MI_data_913.csv,Left
MI CSV\cellula_MI_data_914.csv,Right
MI CSV\cellula_MI_data_915.csv,Left
MI CSV\cellula_MI_data_916.csv,Right
MI CSV\cellula_MI_data_917.csv,Left
MI CSV\cellula_MI_data_918.csv,Left
MI CSV\cellula_MI_data_919.csv,Left
MI CSV\cellula_MI_data_920.csv,Right
MI CSV\cellula_MI_data_921.csv,Right
MI CSV\cellula_MI_data_922.csv,Right
MI CSV\cellula_MI_data_923.csv,Right
MI CSV\cellula_MI_data_924.csv,Right
MI CSV\cellula_MI_data_925.csv,Left
MI CSV\cellula_MI_data_926.csv,Right
MI CSV\cellula_MI_data_927.csv,Left
MI CSV\cellula_MI_data_928.csv,Right
MI CSV\cellula_MI_data_929.csv,Right
MI CSV\cellula_MI_data_930.csv,Left
MI CSV\cellula_MI_data_931.csv,Right
MI CSV\cellula_MI_data_932.csv,Right
MI CSV\cellula_MI_data_933.csv,Right
MI CSV\cellula_MI_data_934.csv,Left
MI CSV\cellula_MI_data_935.csv,Left
MI CSV\cellula_MI_data_936.csv,Right
MI CSV\cellula_MI_data_937.csv,Left
MI CSV\cellula_MI_data_938.csv,Left
MI CSV\cellula_MI_data_939.csv,Right
MI CSV\cellula_MI_data_940.csv,Left
MI CSV\cellula_MI_data_941.csv,Right
MI CSV\cellula_MI_data_942.csv,Right
MI CSV\cellula_MI_data_943.csv,Right
MI CSV\cellula_MI_data_944.csv,Right
MI CSV\cellula_MI_data_945.csv,Right
MI CSV\cellula_MI_data_946.csv,Left
MI CSV\cellula_MI_data_947.csv,Left
MI CSV\cellula_MI_data_948.csv,Right
MI CSV\cellula_MI_data_949.csv,Right
MI CSV\cellula_MI_data_950.csv,Right
MI CSV\cellula_MI_data_951.csv,Left
MI CSV\cellula_MI_data_952.csv,Left
MI CSV\cellula_MI_data_953.csv,Left
MI CSV\cellula_MI_data_954.csv,Left
MI CSV\cellula_MI_data_955.csv,Left
MI CSV\cellula_MI_data_956.csv,Left
MI CSV\cellula_MI_data_957.csv,Right
MI CSV\cellula_MI_data_958.csv,Left
MI CSV\cellula_MI_data_959.csv,Right
MI CSV\cellula_MI_data_960.csv,Right
MI CSV\cellula_MI_data_961.csv,Right
MI CSV\cellula_MI_data_962.csv,Left
MI CSV\cellula_MI_data_963.csv,Right
MI CSV\cellula_MI_data_964.csv,Left
MI CSV\cellula_MI_data_965.csv,Right
MI CSV\cellula_MI_data_966.csv,Left
MI CSV\cellula_MI_data_967.csv,Right
MI CSV\cellula_MI_data_968.csv,Left
MI CSV\cellula_MI_data_969.csv,Right
MI CSV\cellula_MI_data_970.csv,Right
MI CSV\cellula_MI_data_971.csv,Left
MI CSV\cellula_MI_data_972.csv,Left
MI CSV\cellula_MI_data_973.csv,Right
MI CSV\cellula_MI_data_974.csv,Right
MI CSV\cellula_MI_data_975.csv,Right
MI CSV\cellula_MI_data_976.csv,Right
MI CSV\cellula_MI_data_977.csv,Left
MI CSV\cellula_MI_data_978.csv,Right
MI CSV\cellula_MI_data_979.csv,Left
MI CSV\cellula_MI_data_980.csv,Left
MI CSV\cellula_MI_data_981.csv,Right
MI CSV\cellula_MI_data_982.csv,Left
MI CSV\cellula_MI_data_983.csv,Left
MI CSV\cellula_MI_data_984.csv,Left
MI CSV\cellula_MI_data_985.csv,Right
MI CSV\cellula_MI_data_986.csv,Right
MI CSV\cellula_MI_data_987.csv,Right
MI CSV\cellula_MI_data_988.csv,Right
MI CSV\cellula_MI_data_989.csv,Right
MI CSV\cellula_MI_data_990.csv,Left
MI CSV\cellula_MI_data_991.csv,Left
MI CSV\cellula_MI_data_992.csv,Left
MI CSV\cellula_MI_data_993.csv,Left
MI CSV\cellula_MI_data_994.csv,Right
MI CSV\cellula_MI_data_995.csv,Right
MI CSV\cellula_MI_data_996.csv,Right
MI CSV\cellula_MI_data_997.csv,Left
MI CSV\cellula_MI_data_998.csv,Right
MI CSV\cellula_MI_data_999.csv,Left
MI CSV\cellula_MI_data_1000.csv,Right
MI CSV\cellula_MI_data_1001.csv,Left
MI CSV\cellula_MI_data_1002.csv,Right
MI CSV\cellula_MI_data_1003.csv,Right
MI CSV\cellula_MI_data_1004.csv,Left
MI CSV\cellula_MI_data_1005.csv,Left
MI CSV\cellula_MI_data_1006.csv,Right
MI CSV\cellula_MI_data_1007.csv,Right
MI CSV\cellula_MI_data_1008.csv,Right
MI CSV\cellula_MI_data_1009.csv,Right
MI CSV\cellula_MI_data_1010.csv,Left
MI CSV\cellula_MI_data_1011.csv,Right
MI CSV\cellula_MI_data_1012.csv,Right
MI CSV\cellula_MI_data_1013.csv,Right
MI CSV\cellula_MI_data_1014.csv,Right
MI CSV\cellula_MI_data_1015.csv,Right
MI CSV\cellula_MI_data_1016.csv,Left
MI CSV\cellula_MI_data_1017.csv,Left
MI CSV\cellula_MI_data_1018.csv,Right
MI CSV\cellula_MI_data_1019.csv,Right
MI CSV\cellula_MI_data_1020.csv,Left
MI CSV\cellula_MI_data_1021.csv,Left
MI CSV\cellula_MI_data_1022.csv,Left
MI CSV\cellula_MI_data_1023.csv,Right
MI CSV\cellula_MI_data_1024.csv,Right
MI CSV\cellula_MI_data_1025.csv,Left
MI CSV\cellula_MI_data_1026.csv,Right
MI CSV\cellula_MI_data_1027.csv,Right
MI CSV\cellula_MI_data_1028.csv,Left
MI CSV\cellula_MI_data_1029.csv,Right
MI CSV\cellula_MI_data_1030.csv,Left
MI CSV\cellula_MI_data_1031.csv,Left
MI CSV\cellula_MI_data_1032.csv,Left
MI CSV\cellula_MI_data_1033.csv,Right
MI CSV\cellula_MI_data_1034.csv,Right
MI CSV\cellula_MI_data_1035.csv,Left
MI CSV\cellula_MI_data_1036.csv,Right
MI CSV\cellula_MI_data_1037.csv,Left
MI CSV\cellula_MI_data_1038.csv,Right
MI CSV\cellula_MI_data_1039.csv,Right
MI CSV\cellula_MI_data_1040.csv,Left
MI CSV\cellula_MI_data_1041.csv,Right
MI CSV\cellula_MI_data_1042.csv,Right
MI CSV\cellula_MI_data_1043.csv,Right
MI CSV\cellula_MI_data_1044.csv,Left
MI CSV\cellula_MI_data_1045.csv,Left
MI CSV\cellula_MI_data_1046.csv,Right
MI CSV\cellula_MI_data_1047.csv,Left
MI CSV\cellula_MI_data_1048.csv,Left
MI CSV\cellula_MI_data_1049.csv,Right
MI CSV\cellula_MI_data_1050.csv,Right
MI CSV\cellula_MI_data_1051.csv,Right
MI CSV\cellula_MI_data_1052.csv,Right
MI CSV\cellula_MI_data_1053.csv,Left
MI CSV\cellula_MI_data_1054.csv,Right
MI CSV\cellula_MI_data_1055.csv,Left
MI CSV\cellula_MI_data_1056.csv,Left
MI CSV\cellula_MI_data_1057.csv,Left
MI CSV\cellula_MI_data_1058.csv,Left
MI CSV\cellula_MI_data_1059.csv,Right
MI CSV\cellula_MI_data_1060.csv,Left
MI CSV\cellula_MI_data_1061.csv,Left
MI CSV\cellula_MI_data_1062.csv,Right
MI CSV\cellula_MI_data_1063.csv,Right
MI CSV\cellula_MI_data_1064.csv,Left
MI CSV\cellula_MI_data_1065.csv,Right
MI CSV\cellula_MI_data_1066.csv,Left
MI CSV\cellula_MI_data_1067.csv,Left
MI CSV\cellula_MI_data_1068.csv,Left
MI CSV\cellula_MI_data_1069.csv,Right
MI CSV\cellula_MI_data_1070.csv,Left
MI CSV\cellula_MI_data_1071.csv,Right
MI CSV\cellula_MI_data_1072.csv,Left
MI CSV\cellula_MI_data_1073.csv,Left
MI CSV\cellula_MI_data_1074.csv,Left
MI CSV\cellula_MI_data_1075.csv,Right
MI CSV\cellula_MI_data_1076.csv,Right
MI CSV\cellula_MI_data_1077.csv,Right
MI CSV\cellula_MI_data_1078.csv,Right
MI CSV\cellula_MI_data_1079.csv,Left
MI CSV\cellula_MI_data_1080.csv,Right
MI CSV\cellula_MI_data_1081.csv,Left
MI CSV\cellula_MI_data_1082.csv,Right
MI CSV\cellula_MI_data_1083.csv,Right
MI CSV\cellula_MI_data_1084.csv,Right
MI CSV\cellula_MI_data_1085.csv,Left
MI CSV\cellula_MI_data_1086.csv,Right
MI CSV\cellula_MI_data_1087.csv,Right
MI CSV\cellula_MI_data_1088.csv,Left
MI CSV\cellula_MI_data_1089.csv,Left
MI CSV\cellula_MI_data_1090.csv,Left
MI CSV\cellula_MI_data_1091.csv,Left
MI CSV\cellula_MI_data_1092.csv,Right
MI CSV\cellula_MI_data_1093.csv,Right
MI CSV\cellula_MI_data_1094.csv,Right
MI CSV\cellula_MI_data_1095.csv,Left
MI CSV\cellula_MI_data_1096.csv,Right
MI CSV\cellula_MI_data_1097.csv,Right
MI CSV\cellula_MI_data_1098.csv,Right
MI CSV\cellula_MI_data_1099.csv,Left
MI CSV\cellula_MI_data_1100.csv,Left
MI CSV\cellula_MI_data_1101.csv,Left
MI CSV\cellula_MI_data_1102.csv,Right
MI CSV\cellula_MI_data_1103.csv,Right
MI CSV\cellula_MI_data_1104.csv,Right
MI CSV\cellula_MI_data_1105.csv,Left
MI CSV\cellula_MI_data_1106.csv,Left
MI CSV\cellula_MI_data_1107.csv,Left
MI CSV\cellula_MI_data_1108.csv,Right
MI CSV\cellula_MI_data_1109.csv,Right
MI CSV\cellula_MI_data_1110.csv,Left
MI CSV\cellula_MI_data_1111.csv,Left
MI CSV\cellula_MI_data_1112.csv,Right
MI CSV\cellula_MI_data_1113.csv,Right
MI CSV\cellula_MI_data_1114.csv,Left
MI CSV\cellula_MI_data_1115.csv,Right
MI CSV\cellula_MI_data_1116.csv,Left
MI CSV\cellula_MI_data_1117.csv,Right
MI CSV\cellula_MI_data_1118.csv,Right
MI CSV\cellula_MI_data_1119.csv,Right
MI CSV\cellula_MI_data_1120.csv,Right
MI CSV\cellula_MI_data_1121.csv,Right
MI CSV\cellula_MI_data_1122.csv,Right
MI CSV\cellula_MI_data_1123.csv,Left
MI CSV\cellula_MI_data_1124.csv,Left
MI CSV\cellula_MI_data_1125.csv,Right
MI CSV\cellula_MI_data_1126.csv,Right
MI CSV\cellula_MI_data_1127.csv,Right
MI CSV\cellula_MI_data_1128.csv,Right
MI CSV\cellula_MI_data_1129.csv,Right
MI CSV\cellula_MI_data_1130.csv,Left
MI CSV\cellula_MI_data_1131.csv,Left
MI CSV\cellula_MI_data_1132.csv,Right
MI CSV\cellula_MI_data_1133.csv,Left
MI CSV\cellula_MI_data_1134.csv,Right
MI CSV\cellula_MI_data_1135.csv,Right
MI CSV\cellula_MI_data_1136.csv,Left
MI CSV\cellula_MI_data_1137.csv,Left
MI CSV\cellula_MI_data_1138.csv,Right
MI CSV\cellula_MI_data_1139.csv,Right
MI CSV\cellula_MI_data_1140.csv,Right
MI CSV\cellula_MI_data_1141.csv,Left
MI CSV\cellula_MI_data_1142.csv,Right
MI CSV\cellula_MI_data_1143.csv,Right
MI CSV\cellula_MI_data_1144.csv,Right
MI CSV\cellula_MI_data_1145.csv,Left
MI CSV\cellula_MI_data_1146.csv,Right
MI CSV\cellula_MI_data_1147.csv,Right
MI CSV\cellula_MI_data_1148.csv,Right
MI CSV\cellula_MI_data_1149.csv,Left
MI CSV\cellula_MI_data_1150.csv,Left
MI CSV\cellula_MI_data_1151.csv,Right
MI CSV\cellula_MI_data_1152.csv,Left
MI CSV\cellula_MI_data_1153.csv,Left
MI CSV\cellula_MI_data_1154.csv,Left
MI CSV\cellula_MI_data_1155.csv,Right
MI CSV\cellula_MI_data_1156.csv,Left
MI CSV\cellula_MI_data_1157.csv,Left
MI CSV\cellula_MI_data_1158.csv,Left
MI CSV\cellula_MI_data_1159.csv,Left
MI CSV\cellula_MI_data_1160.csv,Right
MI CSV\cellula_MI_data_1161.csv,Left
MI CSV\cellula_MI_data_1162.csv,Left
MI CSV\cellula_MI_data_1163.csv,Left
MI CSV\cellula_MI_data_1164.csv,Right
MI CSV\cellula_MI_data_1165.csv,Right
MI CSV\cellula_MI_data_1166.csv,Left
MI CSV\cellula_MI_data_1167.csv,Right
MI CSV\cellula_MI_data_1168.csv,Right
MI CSV\cellula_MI_data_1169.csv,Left
MI CSV\cellula_MI_data_1170.csv,Left
MI CSV\cellula_MI_data_1171.csv,Left
MI CSV\cellula_MI_data_1172.csv,Right
MI CSV\cellula_MI_data_1173.csv,Right
MI CSV\cellula_MI_data_1174.csv,Right
MI CSV\cellula_MI_data_1175.csv,Right
MI CSV\cellula_MI_data_1176.csv,Left
MI CSV\cellula_MI_data_1177.csv,Left
MI CSV\cellula_MI_data_1178.csv,Right
MI CSV\cellula_MI_data_1179.csv,Right
MI CSV\cellula_MI_data_1180.csv,Left
MI CSV\cellula_MI_data_1181.csv,Right
MI CSV\cellula_MI_data_1182.csv,Left
MI CSV\cellula_MI_data_1183.csv,Right
MI CSV\cellula_MI_data_1184.csv,Left
MI CSV\cellula_MI_data_1185.csv,Right
MI CSV\cellula_MI_data_1186.csv,Left
MI CSV\cellula_MI_data_1187.csv,Left
MI CSV\cellula_MI_data_1188.csv,Right
MI CSV\cellula_MI_data_1189.csv,Right
MI CSV\cellula_MI_data_1190.csv,Right
MI CSV\cellula_MI_data_1191.csv,Left
MI CSV\cellula_MI_data_1192.csv,Left
MI CSV\cellula_MI_data_1193.csv,Left
MI CSV\cellula_MI_data_1194.csv,Right
MI CSV\cellula_MI_data_1195.csv,Right
MI CSV\cellula_MI_data_1196.csv,Left
MI CSV\cellula_MI_data_1197.csv,Right
MI CSV\cellula_MI_data_1198.csv,Right
MI CSV\cellula_MI_data_1199.csv,Left
MI CSV\cellula_MI_data_1200.csv,Right
MI CSV\cellula_MI_data_1201.csv,Left
MI CSV\cellula_MI_data_1202.csv,Right
MI CSV\cellula_MI_data_1203.csv,Left
MI CSV\cellula_MI_data_1204.csv,Left
MI CSV\cellula_MI_data_1205.csv,Right
MI CSV\cellula_MI_data_1206.csv,Left
MI CSV\cellula_MI_data_1207.csv,Right
MI CSV\cellula_MI_data_1208.csv,Right
MI CSV\cellula_MI_data_1209.csv,Right
MI CSV\cellula_MI_data_1210.csv,Left
MI CSV\cellula_MI_data_1211.csv,Right
MI CSV\cellula_MI_data_1212.csv,Left
MI CSV\cellula_MI_data_1213.csv,Right
MI CSV\cellula_MI_data_1214.csv,Right
MI CSV\cellula_MI_data_1215.csv,Left
MI CSV\cellula_MI_data_1216.csv,Right
MI CSV\cellula_MI_data_1217.csv,Right
MI CSV\cellula_MI_data_1218.csv,Right
MI CSV\cellula_MI_data_1219.csv,Left
MI CSV\cellula_MI_data_1220.csv,Right
MI CSV\cellula_MI_data_1221.csv,Left
MI CSV\cellula_MI_data_1222.csv,Right
MI CSV\cellula_MI_data_1223.csv,Right
MI CSV\cellula_MI_data_1224.csv,Right
MI CSV\cellula_MI_data_1225.csv,Right
MI CSV\cellula_MI_data_1226.csv,Left
MI CSV\cellula_MI_data_1227.csv,Right
MI CSV\cellula_MI_data_1228.csv,Right
MI CSV\cellula_MI_data_1229.csv,Right
MI CSV\cellula_MI_data_1230.csv,Right
MI CSV\cellula_MI_data_1231.csv,Right
MI CSV\cellula_MI_data_1232.csv,Right
MI CSV\cellula_MI_data_1233.csv,Right
MI CSV\cellula_MI_data_1234.csv,Left
MI CSV\cellula_MI_data_1235.csv,Right
MI CSV\cellula_MI_data_1236.csv,Left
MI CSV\cellula_MI_data_1237.csv,Right
MI CSV\cellula_MI_data_1238.csv,Left
MI CSV\cellula_MI_data_1239.csv,Left
MI CSV\cellula_MI_data_1240.csv,Right
MI CSV\cellula_MI_data_1241.csv,Left
MI CSV\cellula_MI_data_1242.csv,Left
MI CSV\cellula_MI_data_1243.csv,Right
MI CSV\cellula_MI_data_1244.csv,Left
MI CSV\cellula_MI_data_1245.csv,Right
MI CSV\cellula_MI_data_1246.csv,Left
MI CSV\cellula_MI_data_1247.csv,Right
MI CSV\cellula_MI_data_1248.csv,Left
MI CSV\cellula_MI_data_1249.csv,Right
MI CSV\cellula_MI_data_1250.csv,Right
MI CSV\cellula_MI_data_1251.csv,Right
MI CSV\cellula_MI_data_1252.csv,Right
MI CSV\cellula_MI_data_1253.csv,Left
MI CSV\cellula_MI_data_1254.csv,Right
MI CSV\cellula_MI_data_1255.csv,Left
MI CSV\cellula_MI_data_1256.csv,Right
MI CSV\cellula_MI_data_1257.csv,Right
MI CSV\cellula_MI_data_1258.csv,Right
MI CSV\cellula_MI_data_1259.csv,Right
MI CSV\cellula_MI_data_1260.csv,Right
MI CSV\cellula_MI_data_1261.csv,Right
MI CSV\cellula_MI_data_1262.csv,Right
MI CSV\cellula_MI_data_1263.csv,Right
MI CSV\cellula_MI_data_1264.csv,Right
MI CSV\cellula_MI_data_1265.csv,Left
MI CSV\cellula_MI_data_1266.csv,Right
MI CSV\cellula_MI_data_1267.csv,Right
MI CSV\cellula_MI_data_1268.csv,Right
MI CSV\cellula_MI_data_1269.csv,Right
MI CSV\cellula_MI_data_1270.csv,Right
MI CSV\cellula_MI_data_1271.csv,Left
MI CSV\cellula_MI_data_1272.csv,Left
MI CSV\cellula_MI_data_1273.csv,Right
MI CSV\cellula_MI_data_1274.csv,Left
MI CSV\cellula_MI_data_1275.csv,Left
MI CSV\cellula_MI_data_1276.csv,Left
MI CSV\cellula_MI_data_1277.csv,Right
MI CSV\cellula_MI_data_1278.csv,Right
MI CSV\cellula_MI_data_1279.csv,Right
MI CSV\cellula_MI_data_1280.csv,Left
MI CSV\cellula_MI_data_1281.csv,Left
MI CSV\cellula_MI_data_1282.csv,Left
MI CSV\cellula_MI_data_1283.csv,Left
MI CSV\cellula_MI_data_1284.csv,Right
MI CSV\cellula_MI_data_1285.csv,Left
MI CSV\cellula_MI_data_1286.csv,Right
MI CSV\cellula_MI_data_1287.csv,Right
MI CSV\cellula_MI_data_1288.csv,Left
MI CSV\cellula_MI_data_1289.csv,Left
MI CSV\cellula_MI_data_1290.csv,Left
MI CSV\cellula_MI_data_1291.csv,Left
MI CSV\cellula_MI_data_1292.csv,Right
MI CSV\cellula_MI_data_1293.csv,Left
MI CSV\cellula_MI_data_1294.csv,Left
MI CSV\cellula_MI_data_1295.csv,Right
MI CSV\cellula_MI_data_1296.csv,Left
MI CSV\cellula_MI_data_1297.csv,Left
MI CSV\cellula_MI_data_1298.csv,Left
MI CSV\cellula_MI_data_1299.csv,Right
MI CSV\cellula_MI_data_1300.csv,Left
MI CSV\cellula_MI_data_1301.csv,Right
MI CSV\cellula_MI_data_1302.csv,Left
MI CSV\cellula_MI_data_1303.csv,Right
MI CSV\cellula_MI_data_1304.csv,Left
MI CSV\cellula_MI_data_1305.csv,Left
MI CSV\cellula_MI_data_1306.csv,Left
MI CSV\cellula_MI_data_1307.csv,Left
MI CSV\cellula_MI_data_1308.csv,Right
MI CSV\cellula_MI_data_1309.csv,Left
MI CSV\cellula_MI_data_1310.csv,Right
MI CSV\cellula_MI_data_1311.csv,Right
MI CSV\cellula_MI_data_1312.csv,Left
MI CSV\cellula_MI_data_1313.csv,Left
MI CSV\cellula_MI_data_1314.csv,Left
MI CSV\cellula_MI_data_1315.csv,Left
MI CSV\cellula_MI_data_1316.csv,Left
MI CSV\cellula_MI_data_1317.csv,Right
MI CSV\cellula_MI_data_1318.csv,Left
MI CSV\cellula_MI_data_1319.csv,Right
MI CSV\cellula_MI_data_1320.csv,Left
MI CSV\cellula_MI_data_1321.csv,Left
MI CSV\cellula_MI_data_1322.csv,Right
MI CSV\cellula_MI_data_1323.csv,Left
MI CSV\cellula_MI_data_1324.csv,Right
MI CSV\cellula_MI_data_1325.csv,Right
MI CSV\cellula_MI_data_1326.csv,Left
MI CSV\cellula_MI_data_1327.csv,Right
MI CSV\cellula_MI_data_1328.csv,Right
MI CSV\cellula_MI_data_1329.csv,Left
MI CSV\cellula_MI_data_1330.csv,Right
MI CSV\cellula_MI_data_1331.csv,Right
MI CSV\cellula_MI_data_1332.csv,Left
MI CSV\cellula_MI_data_1333.csv,Left
MI CSV\cellula_MI_data_1334.csv,Left
MI CSV\cellula_MI_data_1335.csv,Right
MI CSV\cellula_MI_data_1336.csv,Right
MI CSV\cellula_MI_data_1337.csv,Left
MI CSV\cellula_MI_data_1338.csv,Left
MI CSV\cellula_MI_data_1339.csv,Right
MI CSV\cellula_MI_data_1340.csv,Right
MI CSV\cellula_MI_data_1341.csv,Left
MI CSV\cellula_MI_data_1342.csv,Right
MI CSV\cellula_MI_data_1343.csv,Right
MI CSV\cellula_MI_data_1344.csv,Left
MI CSV\cellula_MI_data_1345.csv,Right
MI CSV\cellula_MI_data_1346.csv,Left
MI CSV\cellula_MI_data_1347.csv,Right
MI CSV\cellula_MI_data_1348.csv,Right
MI CSV\cellula_MI_data_1349.csv,Left
MI CSV\cellula_MI_data_1350.csv,Left
MI CSV\cellula_MI_data_1351.csv,Left
MI CSV\cellula_MI_data_1352.csv,Left
MI CSV\cellula_MI_data_1353.csv,Left
MI CSV\cellula_MI_data_1354.csv,Left
MI CSV\cellula_MI_data_1355.csv,Right
MI CSV\cellula_MI_data_1356.csv,Right
MI CSV\cellula_MI_data_1357.csv,Right
MI CSV\cellula_MI_data_1358.csv,Right
MI CSV\cellula_MI_data_1359.csv,Right
MI CSV\cellula_MI_data_1360.csv,Right
MI CSV\cellula_MI_data_1361.csv,Right
MI CSV\cellula_MI_data_1362.csv,Left
MI CSV\cellula_MI_data_1363.csv,Right
MI CSV\cellula_MI_data_1364.csv,Left
MI CSV\cellula_MI_data_1365.csv,Right
MI CSV\cellula_MI_data_1366.csv,Left
MI CSV\cellula_MI_data_1367.csv,Right
MI CSV\cellula_MI_data_1368.csv,Right
MI CSV\cellula_MI_data_1369.csv,Right
MI CSV\cellula_MI_data_1370.csv,Right
MI CSV\cellula_MI_data_1371.csv,Right
MI CSV\cellula_MI_data_1372.csv,Left
MI CSV\cellula_MI_data_1373.csv,Right
MI CSV\cellula_MI_data_1374.csv,Right
MI CSV\cellula_MI_data_1375.csv,Right
MI CSV\cellula_MI_data_1376.csv,Left
MI CSV\cellula_MI_data_1377.csv,Right
MI CSV\cellula_MI_data_1378.csv,Left
MI CSV\cellula_MI_data_1379.csv,Right
MI CSV\cellula_MI_data_1380.csv,Right
MI CSV\cellula_MI_data_1381.csv,Right
MI CSV\cellula_MI_data_1382.csv,Right
MI CSV\cellula_MI_data_1383.csv,Right
MI CSV\cellula_MI_data_1384.csv,Left
MI CSV\cellula_MI_data_1385.csv,Right
MI CSV\cellula_MI_data_1386.csv,Right
MI CSV\cellula_MI_data_1387.csv,Left
MI CSV\cellula_MI_data_1388.csv,Right
MI CSV\cellula_MI_data_1389.csv,Left
MI CSV\cellula_MI_data_1390.csv,Right
MI CSV\cellula_MI_data_1391.csv,Left
MI CSV\cellula_MI_data_1392.csv,Left
MI CSV\cellula_MI_data_1393.csv,Right
MI CSV\cellula_MI_data_1394.csv,Right
MI CSV\cellula_MI_data_1395.csv,Right
MI CSV\cellula_MI_data_1396.csv,Left
MI CSV\cellula_MI_data_1397.csv,Right
MI CSV\cellula_MI_data_1398.csv,Right
MI CSV\cellula_MI_data_1399.csv,Right
MI CSV\cellula_MI_data_1400.csv,Left
MI CSV\cellula_MI_data_1401.csv,Left
MI CSV\cellula_MI_data_1402.csv,Right
MI CSV\cellula_MI_data_1403.csv,Left
MI CSV\cellula_MI_data_1404.csv,Right
MI CSV\cellula_MI_data_1405.csv,Left
MI CSV\cellula_MI_data_1406.csv,Left
MI CSV\cellula_MI_data_1407.csv,Right
MI CSV\cellula_MI_data_1408.csv,Left
MI CSV\cellula_MI_data_1409.csv,Left
MI CSV\cellula_MI_data_1410.csv,Right
MI CSV\cellula_MI_data_1411.csv,Right
MI CSV\cellula_MI_data_1412.csv,Left
MI CSV\cellula_MI_data_1413.csv,Left
MI CSV\cellula_MI_data_1414.csv,Left
MI CSV\cellula_MI_data_1415.csv,Left
MI CSV\cellula_MI_data_1416.csv,Right
MI CSV\cellula_MI_data_1417.csv,Right
MI CSV\cellula_MI_data_1418.csv,Right
MI CSV\cellula_MI_data_1419.csv,Left
MI CSV\cellula_MI_data_1420.csv,Left
MI CSV\cellula_MI_data_1421.csv,Right
MI CSV\cellula_MI_data_1422.csv,Right
MI CSV\cellula_MI_data_1423.csv,Right
MI CSV\cellula_MI_data_1424.csv,Left
MI CSV\cellula_MI_data_1425.csv,Right
MI CSV\cellula_MI_data_1426.csv,Left
MI CSV\cellula_MI_data_1427.csv,Right
MI CSV\cellula_MI_data_1428.csv,Left
MI CSV\cellula_MI_data_1429.csv,Right
MI CSV\cellula_MI_data_1430.csv,Left
MI CSV\cellula_MI_data_1431.csv,Left
MI CSV\cellula_MI_data_1432.csv,Left
MI CSV\cellula_MI_data_1433.csv,Left
MI CSV\cellula_MI_data_1434.csv,Left
MI CSV\cellula_MI_data_1435.csv,Right
MI CSV\cellula_MI_data_1436.csv,Left
MI CSV\cellula_MI_data_1437.csv,Right
MI CSV\cellula_MI_data_1438.csv,Left
MI CSV\cellula_MI_data_1439.csv,Left
MI CSV\cellula_MI_data_1440.csv,Left
MI CSV\cellula_MI_data_1441.csv,Right
MI CSV\cellula_MI_data_1442.csv,Right
MI CSV\cellula_MI_data_1443.csv,Right
MI CSV\cellula_MI_data_1444.csv,Left
MI CSV\cellula_MI_data_1445.csv,Right
MI CSV\cellula_MI_data_1446.csv,Left
MI CSV\cellula_MI_data_1447.csv,Right
MI CSV\cellula_MI_data_1448.csv,Right
MI CSV\cellula_MI_data_1449.csv,Left
MI CSV\cellula_MI_data_1450.csv,Right
MI CSV\cellula_MI_data_1451.csv,Left
MI CSV\cellula_MI_data_1452.csv,Left
MI CSV\cellula_MI_data_1453.csv,Left
MI CSV\cellula_MI_data_1454.csv,Right
MI CSV\cellula_MI_data_1455.csv,Right
MI CSV\cellula_MI_data_1456.csv,Right
MI CSV\cellula_MI_data_1457.csv,Left
MI CSV\cellula_MI_data_1458.csv,Left
MI CSV\cellula_MI_data_1459.csv,Right
MI CSV\cellula_MI_data_1460.csv,Left
MI CSV\cellula_MI_data_1461.csv,Right
MI CSV\cellula_MI_data_1462.csv,Right
MI CSV\cellula_MI_data_1463.csv,Right
MI CSV\cellula_MI_data_1464.csv,Right
MI CSV\cellula_MI_data_1465.csv,Right
MI CSV\cellula_MI_data_1466.csv,Right
MI CSV\cellula_MI_data_1467.csv,Right
MI CSV\cellula_MI_data_1468.csv,Right
MI CSV\cellula_MI_data_1469.csv,Left
MI CSV\cellula_MI_data_1470.csv,Left
MI CSV\cellula_MI_data_1471.csv,Right
MI CSV\cellula_MI_data_1472.csv,Left
MI CSV\cellula_MI_data_1473.csv,Right
MI CSV\cellula_MI_data_1474.csv,Left
MI CSV\cellula_MI_data_1475.csv,Right
MI CSV\cellula_MI_data_1476.csv,Left
MI CSV\cellula_MI_data_1477.csv,Right
MI CSV\cellula_MI_data_1478.csv,Left
MI CSV\cellula_MI_data_1479.csv,Left
MI CSV\cellula_MI_data_1480.csv,Right
MI CSV\cellula_MI_data_1481.csv,Left
MI CSV\cellula_MI_data_1482.csv,Right
MI CSV\cellula_MI_data_1483.csv,Right
MI CSV\cellula_MI_data_1484.csv,Right
MI CSV\cellula_MI_data_1485.csv,Right
MI CSV\cellula_MI_data_1486.csv,Left
MI CSV\cellula_MI_data_1487.csv,Right
MI CSV\cellula_MI_data_1488.csv,Right
MI CSV\cellula_MI_data_1489.csv,Left
MI CSV\cellula_MI_data_1490.csv,Right
MI CSV\cellula_MI_data_1491.csv,Left
MI CSV\cellula_MI_data_1492.csv,Right
MI CSV\cellula_MI_data_1493.csv,Left
MI CSV\cellula_MI_data_1494.csv,Right
MI CSV\cellula_MI_data_1495.csv,Right
MI CSV\cellula_MI_data_1496.csv,Left
MI CSV\cellula_MI_data_1497.csv,Left
MI CSV\cellula_MI_data_1498.csv,Left
MI CSV\cellula_MI_data_1499.csv,Left
MI CSV\cellula_MI_data_1500.csv,Left
MI CSV\cellula_MI_data_1501.csv,Left
MI CSV\cellula_MI_data_1502.csv,Right
MI CSV\cellula_MI_data_1503.csv,Right
MI CSV\cellula_MI_data_1504.csv,Left
MI CSV\cellula_MI_data_1505.csv,Left
MI CSV\cellula_MI_data_1506.csv,Left
MI CSV\cellula_MI_data_1507.csv,Right
MI CSV\cellula_MI_data_1508.csv,Left
MI CSV\cellula_MI_data_1509.csv,Right
MI CSV\cellula_MI_data_1510.csv,Right
MI CSV\cellula_MI_data_1511.csv,Right
MI CSV\cellula_MI_data_1512.csv,Right
MI CSV\cellula_MI_data_1513.csv,Left
MI CSV\cellula_MI_data_1514.csv,Left
MI CSV\cellula_MI_data_1515.csv,Right
MI CSV\cellula_MI_data_1516.csv,Right
MI CSV\cellula_MI_data_1517.csv,Right
MI CSV\cellula_MI_data_1518.csv,Left
MI CSV\cellula_MI_data_1519.csv,Left
MI CSV\cellula_MI_data_1520.csv,Right
MI CSV\cellula_MI_data_1521.csv,Right
MI CSV\cellula_MI_data_1522.csv,Right
MI CSV\cellula_MI_data_1523.csv,Left
MI CSV\cellula_MI_data_1524.csv,Left
MI CSV\cellula_MI_data_1525.csv,Right
MI CSV\cellula_MI_data_1526.csv,Left
MI CSV\cellula_MI_data_1527.csv,Right
MI CSV\cellula_MI_data_1528.csv,Left
MI CSV\cellula_MI_data_1529.csv,Right
MI CSV\cellula_MI_data_1530.csv,Left
MI CSV\cellula_MI_data_1531.csv,Left
MI CSV\cellula_MI_data_1532.csv,Left
MI CSV\cellula_MI_data_1533.csv,Left
MI CSV\cellula_MI_data_1534.csv,Right
MI CSV\cellula_MI_data_1535.csv,Left
MI CSV\cellula_MI_data_1536.csv,Right
MI CSV\cellula_MI_data_1537.csv,Left
MI CSV\cellula_MI_data_1538.csv,Right
MI CSV\cellula_MI_data_1539.csv,Left
MI CSV\cellula_MI_data_1540.csv,Right
MI CSV\cellula_MI_data_1541.csv,Left
MI CSV\cellula_MI_data_1542.csv,Right
MI CSV\cellula_MI_data_1543.csv,Right
MI CSV\cellula_MI_data_1544.csv,Left
MI CSV\cellula_MI_data_1545.csv,Right
MI CSV\cellula_MI_data_1546.csv,Left
MI CSV\cellula_MI_data_1547.csv,Left
MI CSV\cellula_MI_data_1548.csv,Right
MI CSV\cellula_MI_data_1549.csv,Left
MI CSV\cellula_MI_data_1550.csv,Right
MI CSV\cellula_MI_data_1551.csv,Right
MI CSV\cellula_MI_data_1552.csv,Left
MI CSV\cellula_MI_data_1553.csv,Left
MI CSV\cellula_MI_data_1554.csv,Left
MI CSV\cellula_MI_data_1555.csv,Right
MI CSV\cellula_MI_data_1556.csv,Right
MI CSV\cellula_MI_data_1557.csv,Left
MI CSV\cellula_MI_data_1558.csv,Left
MI CSV\cellula_MI_data_1559.csv,Left
MI CSV\cellula_MI_data_1560.csv,Left
MI CSV\cellula_MI_data_1561.csv,Right
MI CSV\cellula_MI_data_1562.csv,Right
MI CSV\cellula_MI_data_1563.csv,Right
MI CSV\cellula_MI_data_1564.csv,Left
MI CSV\cellula_MI_data_1565.csv,Right
MI CSV\cellula_MI_data_1566.csv,Left
MI CSV\cellula_MI_data_1567.csv,Right
MI CSV\cellula_MI_data_1568.csv,Left
MI CSV\cellula_MI_data_1569.csv,Left
MI CSV\cellula_MI_data_1570.csv,Left
MI CSV\cellula_MI_data_1571.csv,Left
MI CSV\cellula_MI_data_1572.csv,Left
MI CSV\cellula_MI_data_1573.csv,Right
MI CSV\cellula_MI_data_1574.csv,Right
MI CSV\cellula_MI_data_1575.csv,Left
MI CSV\cellula_MI_data_1576.csv,Right
MI CSV\cellula_MI_data_1577.csv,Left
MI CSV\cellula_MI_data_1578.csv,Left
MI CSV\cellula_MI_data_1579.csv,Right
MI CSV\cellula_MI_data_1580.csv,Right
MI CSV\cellula_MI_data_1581.csv,Left
MI CSV\cellula_MI_data_1582.csv,Right
MI CSV\cellula_MI_data_1583.csv,Left
MI CSV\cellula_MI_data_1584.csv,Right
MI CSV\cellula_MI_data_1585.csv,Left
MI CSV\cellula_MI_data_1586.csv,Left
MI CSV\cellula_MI_data_1587.csv,Left
MI CSV\cellula_MI_data_1588.csv,Right
MI CSV\cellula_MI_data_1589.csv,Left
MI CSV\cellula_MI_data_1590.csv,Right
MI CSV\cellula_MI_data_1591.csv,Left
MI CSV\cellula_MI_data_1592.csv,Right
MI CSV\cellula_MI_data_1593.csv,Right
MI CSV\cellula_MI_data_1594.csv,Right
MI CSV\cellula_MI_data_1595.csv,Left
MI CSV\cellula_MI_data_1596.csv,Left
MI CSV\cellula_MI_data_1597.csv,Left
MI CSV\cellula_MI_data_1598.csv,Left
MI CSV\cellula_MI_data_1599.csv,Left
MI CSV\cellula_MI_data_1600.csv,Right
MI CSV\cellula_MI_data_1601.csv,Left
MI CSV\cellula_MI_data_1602.csv,Left
MI CSV\cellula_MI_data_1603.csv,Left
MI CSV\cellula_MI_data_1604.csv,Right
MI CSV\cellula_MI_data_1605.csv,Right
MI CSV\cellula_MI_data_1606.csv,Right
MI CSV\cellula_MI_data_1607.csv,Left
MI CSV\cellula_MI_data_1608.csv,Right
MI CSV\cellula_MI_data_1609.csv,Left
MI CSV\cellula_MI_data_1610.csv,Right
MI CSV\cellula_MI_data_1611.csv,Left
MI CSV\cellula_MI_data_1612.csv,Left
MI CSV\cellula_MI_data_1613.csv,Right
MI CSV\cellula_MI_data_1614.csv,Right
MI CSV\cellula_MI_data_1615.csv,Left
MI CSV\cellula_MI_data_1616.csv,Left
MI CSV\cellula_MI_data_1617.csv,Right
MI CSV\cellula_MI_data_1618.csv,Left
MI CSV\cellula_MI_data_1619.csv,Right
MI CSV\cellula_MI_data_1620.csv,Right
MI CSV\cellula_MI_data_1621.csv,Left
MI CSV\cellula_MI_data_1622.csv,Left
MI CSV\cellula_MI_data_1623.csv,Right
MI CSV\cellula_MI_data_1624.csv,Left
MI CSV\cellula_MI_data_1625.csv,Right
MI CSV\cellula_MI_data_1626.csv,Right
MI CSV\cellula_MI_data_1627.csv,Left
MI CSV\cellula_MI_data_1628.csv,Left
MI CSV\cellula_MI_data_1629.csv,Right
MI CSV\cellula_MI_data_1630.csv,Left
MI CSV\cellula_MI_data_1631.csv,Left
MI CSV\cellula_MI_data_1632.csv,Left
MI CSV\cellula_MI_data_1633.csv,Left
MI CSV\cellula_MI_data_1634.csv,Left
MI CSV\cellula_MI_data_1635.csv,Left
MI CSV\cellula_MI_data_1636.csv,Right
MI CSV\cellula_MI_data_1637.csv,Left
MI CSV\cellula_MI_data_1638.csv,Left
MI CSV\cellula_MI_data_1639.csv,Left
MI CSV\cellula_MI_data_1640.csv,Right
MI CSV\cellula_MI_data_1641.csv,Right
MI CSV\cellula_MI_data_1642.csv,Left
MI CSV\cellula_MI_data_1643.csv,Left
MI CSV\cellula_MI_data_1644.csv,Left
MI CSV\cellula_MI_data_1645.csv,Right
MI CSV\cellula_MI_data_1646.csv,Left
MI CSV\cellula_MI_data_1647.csv,Right
MI CSV\cellula_MI_data_1648.csv,Left
MI CSV\cellula_MI_data_1649.csv,Left
MI CSV\cellula_MI_data_1650.csv,Left
MI CSV\cellula_MI_data_1651.csv,Left
MI CSV\cellula_MI_data_1652.csv,Right
MI CSV\cellula_MI_data_1653.csv,Right
MI CSV\cellula_MI_data_1654.csv,Left
MI CSV\cellula_MI_data_1655.csv,Left
MI CSV\cellula_MI_data_1656.csv,Left
MI CSV\cellula_MI_data_1657.csv,Left
MI CSV\cellula_MI_data_1658.csv,Left
MI CSV\cellula_MI_data_1659.csv,Left
MI CSV\cellula_MI_data_1660.csv,Right
MI CSV\cellula_MI_data_1661.csv,Right
MI CSV\cellula_MI_data_1662.csv,Left
MI CSV\cellula_MI_data_1663.csv,Left
MI CSV\cellula_MI_data_1664.csv,Right
MI CSV\cellula_MI_data_1665.csv,Left
MI CSV\cellula_MI_data_1666.csv,Left
MI CSV\cellula_MI_data_1667.csv,Left
MI CSV\cellula_MI_data_1668.csv,Left
MI CSV\cellula_MI_data_1669.csv,Right
MI CSV\cellula_MI_data_1670.csv,Right
MI CSV\cellula_MI_data_1671.csv,Right
MI CSV\cellula_MI_data_1672.csv,Left
MI CSV\cellula_MI_data_1673.csv,Left
MI CSV\cellula_MI_data_1674.csv,Right
MI CSV\cellula_MI_data_1675.csv,Left
MI CSV\cellula_MI_data_1676.csv,Left
MI CSV\cellula_MI_data_1677.csv,Left
MI CSV\cellula_MI_data_1678.csv,Right
MI CSV\cellula_MI_data_1679.csv,Left
MI CSV\cellula_MI_data_1680.csv,Right
MI CSV\cellula_MI_data_1681.csv,Right
MI CSV\cellula_MI_data_1682.csv,Right
MI CSV\cellula_MI_data_1683.csv,Right
MI CSV\cellula_MI_data_1684.csv,Right
MI CSV\cellula_MI_data_1685.csv,Right
MI CSV\cellula_MI_data_1686.csv,Left
MI CSV\cellula_MI_data_1687.csv,Right
MI CSV\cellula_MI_data_1688.csv,Left
MI CSV\cellula_MI_data_1689.csv,Right
MI CSV\cellula_MI_data_1690.csv,Right
MI CSV\cellula_MI_data_1691.csv,Right
MI CSV\cellula_MI_data_1692.csv,Right
MI CSV\cellula_MI_data_1693.csv,Right
MI CSV\cellula_MI_data_1694.csv,Right
MI CSV\cellula_MI_data_1695.csv,Left
MI CSV\cellula_MI_data_1696.csv,Right
MI CSV\cellula_MI_data_1697.csv,Left
MI CSV\cellula_MI_data_1698.csv,Right
MI CSV\cellula_MI_data_1699.csv,Right
MI CSV\cellula_MI_data_1700.csv,Right
MI CSV\cellula_MI_data_1701.csv,Left
MI CSV\cellula_MI_data_1702.csv,Left
MI CSV\cellula_MI_data_1703.csv,Left
MI CSV\cellula_MI_data_1704.csv,Left
MI CSV\cellula_MI_data_1705.csv,Right
MI CSV\cellula_MI_data_1706.csv,Right
MI CSV\cellula_MI_data_1707.csv,Left
MI CSV\cellula_MI_data_1708.csv,Left
MI CSV\cellula_MI_data_1709.csv,Right
MI CSV\cellula_MI_data_1710.csv,Right
MI CSV\cellula_MI_data_1711.csv,Left
MI CSV\cellula_MI_data_1712.csv,Right
MI CSV\cellula_MI_data_1713.csv,Right
MI CSV\cellula_MI_data_1714.csv,Right
MI CSV\cellula_MI_data_1715.csv,Left
MI CSV\cellula_MI_data_1716.csv,Right
MI CSV\cellula_MI_data_1717.csv,Right
MI CSV\cellula_MI_data_1718.csv,Right
MI CSV\cellula_MI_data_1719.csv,Right
MI CSV\cellula_MI_data_1720.csv,Left
MI CSV\cellula_MI_data_1721.csv,Left
MI CSV\cellula_MI_data_1722.csv,Right
MI CSV\cellula_MI_data_1723.csv,Right
MI CSV\cellula_MI_data_1724.csv,Left
MI CSV\cellula_MI_data_1725.csv,Right
MI CSV\cellula_MI_data_1726.csv,Left
MI CSV\cellula_MI_data_1727.csv,Left
MI CSV\cellula_MI_data_1728.csv,Left
MI CSV\cellula_MI_data_1729.csv,Right
MI CSV\cellula_MI_data_1730.csv,Left
MI CSV\cellula_MI_data_1731.csv,Left
MI CSV\cellula_MI_data_1732.csv,Left
MI CSV\cellula_MI_data_1733.csv,Right
MI CSV\cellula_MI_data_1734.csv,Left
MI CSV\cellula_MI_data_1735.csv,Right
MI CSV\cellula_MI_data_1736.csv,Left
MI CSV\cellula_MI_data_1737.csv,Right
MI CSV\cellula_MI_data_1738.csv,Left
MI CSV\cellula_MI_data_1739.csv,Left
MI CSV\cellula_MI_data_1740.csv,Left
MI CSV\cellula_MI_data_1741.csv,Left
MI CSV\cellula_MI_data_1742.csv,Left
MI CSV\cellula_MI_data_1743.csv,Right
MI CSV\cellula_MI_data_1744.csv,Left
MI CSV\cellula_MI_data_1745.csv,Left
MI CSV\cellula_MI_data_1746.csv,Left
MI CSV\cellula_MI_data_1747.csv,Left
MI CSV\cellula_MI_data_1748.csv,Right
MI CSV\cellula_MI_data_1749.csv,Left
MI CSV\cellula_MI_data_1750.csv,Right
MI CSV\cellula_MI_data_1751.csv,Left
MI CSV\cellula_MI_data_1752.csv,Left
MI CSV\cellula_MI_data_1753.csv,Right
MI CSV\cellula_MI_data_1754.csv,Left
MI CSV\cellula_MI_data_1755.csv,Left
MI CSV\cellula_MI_data_1756.csv,Right
MI CSV\cellula_MI_data_1757.csv,Left
MI CSV\cellula_MI_data_1758.csv,Right
MI CSV\cellula_MI_data_1759.csv,Left
MI CSV\cellula_MI_data_1760.csv,Right
MI CSV\cellula_MI_data_1761.csv,Left
MI CSV\cellula_MI_data_1762.csv,Right
MI CSV\cellula_MI_data_1763.csv,Left
MI CSV\cellula_MI_data_1764.csv,Left
MI CSV\cellula_MI_data_1765.csv,Right
MI CSV\cellula_MI_data_1766.csv,Left
MI CSV\cellula_MI_data_1767.csv,Right
MI CSV\cellula_MI_data_1768.csv,Left
MI CSV\cellula_MI_data_1769.csv,Right
MI CSV\cellula_MI_data_1770.csv,Left
MI CSV\cellula_MI_data_1771.csv,Left
MI CSV\cellula_MI_data_1772.csv,Right
MI CSV\cellula_MI_data_1773.csv,Left
MI CSV\cellula_MI_data_1774.csv,Right
MI CSV\cellula_MI_data_1775.csv,Left
MI CSV\cellula_MI_data_1776.csv,Right
MI CSV\cellula_MI_data_1777.csv,Left
MI CSV\cellula_MI_data_1778.csv,Left
MI CSV\cellula_MI_data_1779.csv,Left
MI CSV\cellula_MI_data_1780.csv,Left
MI CSV\cellula_MI_data_1781.csv,Left
MI CSV\cellula_MI_data_1782.csv,Right
MI CSV\cellula_MI_data_1783.csv,Right
MI CSV\cellula_MI_data_1784.csv,Left
MI CSV\cellula_MI_data_1785.csv,Right
MI CSV\cellula_MI_data_1786.csv,Left
MI CSV\cellula_MI_data_1787.csv,Right
MI CSV\cellula_MI_data_1788.csv,Left
MI CSV\cellula_MI_data_1789.csv,Left
MI CSV\cellula_MI_data_1790.csv,Right
MI CSV\cellula_MI_data_1791.csv,Right
MI CSV\cellula_MI_data_1792.csv,Right
MI CSV\cellula_MI_data_1793.csv,Left
MI CSV\cellula_MI_data_1794.csv,Left
MI CSV\cellula_MI_data_1795.csv,Right
MI CSV\cellula_MI_data_1796.csv,Right
MI CSV\cellula_MI_data_1797.csv,Left
MI CSV\cellula_MI_data_1798.csv,Left
MI CSV\cellula_MI_data_1799.csv,Right
MI CSV\cellula_MI_data_1800.csv,Left
MI CSV\cellula_MI_data_1801.csv,Left
MI CSV\cellula_MI_data_1802.csv,Right
MI CSV\cellula_MI_data_1803.csv,Left
MI CSV\cellula_MI_data_1804.csv,Left
MI CSV\cellula_MI_data_1805.csv,Right
MI CSV\cellula_MI_data_1806.csv,Right
MI CSV\cellula_MI_data_1807.csv,Left
MI CSV\cellula_MI_data_1808.csv,Right
MI CSV\cellula_MI_data_1809.csv,Right
MI CSV\cellula_MI_data_1810.csv,Left
MI CSV\cellula_MI_data_1811.csv,Right
MI CSV\cellula_MI_data_1812.csv,Left
MI CSV\cellula_MI_data_1813.csv,Right
MI CSV\cellula_MI_data_1814.csv,Left
MI CSV\cellula_MI_data_1815.csv,Right
MI CSV\cellula_MI_data_1816.csv,Right
MI CSV\cellula_MI_data_1817.csv,Right
MI CSV\cellula_MI_data_1818.csv,Left
MI CSV\cellula_MI_data_1819.csv,Left
MI CSV\cellula_MI_data_1820.csv,Right
MI CSV\cellula_MI_data_1821.csv,Right
MI CSV\cellula_MI_data_1822.csv,Left
MI CSV\cellula_MI_data_1823.csv,Left
MI CSV\cellula_MI_data_1824.csv,Right
MI CSV\cellula_MI_data_1825.csv,Right
MI CSV\cellula_MI_data_1826.csv,Right
MI CSV\cellula_MI_data_1827.csv,Left
MI CSV\cellula_MI_data_1828.csv,Right
MI CSV\cellula_MI_data_1829.csv,Left
MI CSV\cellula_MI_data_1830.csv,Left
MI CSV\cellula_MI_data_1831.csv,Left
MI CSV\cellula_MI_data_1832.csv,Left
MI CSV\cellula_MI_data_1833.csv,Left
MI CSV\cellula_MI_data_1834.csv,Right
MI CSV\cellula_MI_data_1835.csv,Left
MI CSV\cellula_MI_data_1836.csv,Right
MI CSV\cellula_MI_data_1837.csv,Right
MI CSV\cellula_MI_data_1838.csv,Right
MI CSV\cellula_MI_data_1839.csv,Left
MI CSV\cellula_MI_data_1840.csv,Right
MI CSV\cellula_MI_data_1841.csv,Left
MI CSV\cellula_MI_data_1842.csv,Right
MI CSV\cellula_MI_data_1843.csv,Left
MI CSV\cellula_MI_data_1844.csv,Right
MI CSV\cellula_MI_data_1845.csv,Left
MI CSV\cellula_MI_data_1846.csv,Left
MI CSV\cellula_MI_data_1847.csv,Left
MI CSV\cellula_MI_data_1848.csv,Left
MI CSV\cellula_MI_data_1849.csv,Left
MI CSV\cellula_MI_data_1850.csv,Left
MI CSV\cellula_MI_data_1851.csv,Left
MI CSV\cellula_MI_data_1852.csv,Left
MI CSV\cellula_MI_data_1853.csv,Left
MI CSV\cellula_MI_data_1854.csv,Right
MI CSV\cellula_MI_data_1855.csv,Right
MI CSV\cellula_MI_data_1856.csv,Right
MI CSV\cellula_MI_data_1857.csv,Right
MI CSV\cellula_MI_data_1858.csv,Left
MI CSV\cellula_MI_data_1859.csv,Left
MI CSV\cellula_MI_data_1860.csv,Right
MI CSV\cellula_MI_data_1861.csv,Right
MI CSV\cellula_MI_data_1862.csv,Left
MI CSV\cellula_MI_data_1863.csv,Left
MI CSV\cellula_MI_data_1864.csv,Left
MI CSV\cellula_MI_data_1865.csv,Left
MI CSV\cellula_MI_data_1866.csv,Right
MI CSV\cellula_MI_data_1867.csv,Left
MI CSV\cellula_MI_data_1868.csv,Left
MI CSV\cellula_MI_data_1869.csv,Left
MI CSV\cellula_MI_data_1870.csv,Right
MI CSV\cellula_MI_data_1871.csv,Left
MI CSV\cellula_MI_data_1872.csv,Right
MI CSV\cellula_MI_data_1873.csv,Right
MI CSV\cellula_MI_data_1874.csv,Left
MI CSV\cellula_MI_data_1875.csv,Left
MI CSV\cellula_MI_data_1876.csv,Right
MI CSV\cellula_MI_data_1877.csv,Right
MI CSV\cellula_MI_data_1878.csv,Left
MI CSV\cellula_MI_data_1879.csv,Left
MI CSV\cellula_MI_data_1880.csv,Left
MI CSV\cellula_MI_data_1881.csv,Right
MI CSV\cellula_MI_data_1882.csv,Right
MI CSV\cellula_MI_data_1883.csv,Right
MI CSV\cellula_MI_data_1884.csv,Left
MI CSV\cellula_MI_data_1885.csv,Left
MI CSV\cellula_MI_data_1886.csv,Left
MI CSV\cellula_MI_data_1887.csv,Left
MI CSV\cellula_MI_data_1888.csv,Left
MI CSV\cellula_MI_data_1889.csv,Right
MI CSV\cellula_MI_data_1890.csv,Left
MI CSV\cellula_MI_data_1891.csv,Right
MI CSV\cellula_MI_data_1892.csv,Left
MI CSV\cellula_MI_data_1893.csv,Right
MI CSV\cellula_MI_data_1894.csv,Right
MI CSV\cellula_MI_data_1895.csv,Right
MI CSV\cellula_MI_data_1896.csv,Right
MI CSV\cellula_MI_data_1897.csv,Right
MI CSV\cellula_MI_data_1898.csv,Left
MI CSV\cellula_MI_data_1899.csv,Left
MI CSV\cellula_MI_data_1900.csv,Right
MI CSV\cellula_MI_data_1901.csv,Right
MI CSV\cellula_MI_data_1902.csv,Left
MI CSV\cellula_MI_data_1903.csv,Left
MI CSV\cellula_MI_data_1904.csv,Right
MI CSV\cellula_MI_data_1905.csv,Right
MI CSV\cellula_MI_data_1906.csv,Right
MI CSV\cellula_MI_data_1907.csv,Right
MI CSV\cellula_MI_data_1908.csv,Right
MI CSV\cellula_MI_data_1909.csv,Right
MI CSV\cellula_MI_data_1910.csv,Right
MI CSV\cellula_MI_data_1911.csv,Left
MI CSV\cellula_MI_data_1912.csv,Left
MI CSV\cellula_MI_data_1913.csv,Left
MI CSV\cellula_MI_data_1914.csv,Right
MI CSV\cellula_MI_data_1915.csv,Right
MI CSV\cellula_MI_data_1916.csv,Right
MI CSV\cellula_MI_data_1917.csv,Left
MI CSV\cellula_MI_data_1918.csv,Left
MI CSV\cellula_MI_data_1919.csv,Right
MI CSV\cellula_MI_data_1920.csv,Left
MI CSV\cellula_MI_data_1921.csv,Right
MI CSV\cellula_MI_data_1922.csv,Left
MI CSV\cellula_MI_data_1923.csv,Right
MI CSV\cellula_MI_data_1924.csv,Right
MI CSV\cellula_MI_data_1925.csv,Left
MI CSV\cellula_MI_data_1926.csv,Left
MI CSV\cellula_MI_data_1927.csv,Left
MI CSV\cellula_MI_data_1928.csv,Right
MI CSV\cellula_MI_data_1929.csv,Right
MI CSV\cellula_MI_data_1930.csv,Left
MI CSV\cellula_MI_data_1931.csv,Left
MI CSV\cellula_MI_data_1932.csv,Left
MI CSV\cellula_MI_data_1933.csv,Right
MI CSV\cellula_MI_data_1934.csv,Right
MI CSV\cellula_MI_data_1935.csv,Left
MI CSV\cellula_MI_data_1936.csv,Right
MI CSV\cellula_MI_data_1937.csv,Left
MI CSV\cellula_MI_data_1938.csv,Right
MI CSV\cellula_MI_data_1939.csv,Right
MI CSV\cellula_MI_data_1940.csv,Left
MI CSV\cellula_MI_data_1941.csv,Right
MI CSV\cellula_MI_data_1942.csv,Left
MI CSV\cellula_MI_data_1943.csv,Right
MI CSV\cellula_MI_data_1944.csv,Left
MI CSV\cellula_MI_data_1945.csv,Right
MI CSV\cellula_MI_data_1946.csv,Left
MI CSV\cellula_MI_data_1947.csv,Left
MI CSV\cellula_MI_data_1948.csv,Right
MI CSV\cellula_MI_data_1949.csv,Right
MI CSV\cellula_MI_data_1950.csv,Right
MI CSV\cellula_MI_data_1951.csv,Left
MI CSV\cellula_MI_data_1952.csv,Right
MI CSV\cellula_MI_data_1953.csv,Left
MI CSV\cellula_MI_data_1954.csv,Right
MI CSV\cellula_MI_data_1955.csv,Right
MI CSV\cellula_MI_data_1956.csv,Right
MI CSV\cellula_MI_data_1957.csv,Left
MI CSV\cellula_MI_data_1958.csv,Right
MI CSV\cellula_MI_data_1959.csv,Left
MI CSV\cellula_MI_data_1960.csv,Left
MI CSV\cellula_MI_data_1961.csv,Left
MI CSV\cellula_MI_data_1962.csv,Right
MI CSV\cellula_MI_data_1963.csv,Left
MI CSV\cellula_MI_data_1964.csv,Right
MI CSV\cellula_MI_data_1965.csv,Right
MI CSV\cellula_MI_data_1966.csv,Left
MI CSV\cellula_MI_data_1967.csv,Left
MI CSV\cellula_MI_data_1968.csv,Left
MI CSV\cellula_MI_data_1969.csv,Left
MI CSV\cellula_MI_data_1970.csv,Right
MI CSV\cellula_MI_data_1971.csv,Right
MI CSV\cellula_MI_data_1972.csv,Right
MI CSV\cellula_MI_data_1973.csv,Right
MI CSV\cellula_MI_data_1974.csv,Right
MI CSV\cellula_MI_data_1975.csv,Left
MI CSV\cellula_MI_data_1976.csv,Right
MI CSV\cellula_MI_data_1977.csv,Left
MI CSV\cellula_MI_data_1978.csv,Right
MI CSV\cellula_MI_data_1979.csv,Left
MI CSV\cellula_MI_data_1980.csv,Left
MI CSV\cellula_MI_data_1981.csv,Left
MI CSV\cellula_MI_data_1982.csv,Left
MI CSV\cellula_MI_data_1983.csv,Right
MI CSV\cellula_MI_data_1984.csv,Left
MI CSV\cellula_MI_data_1985.csv,Right
MI CSV\cellula_MI_data_1986.csv,Left
MI CSV\cellula_MI_data_1987.csv,Left
MI CSV\cellula_MI_data_1988.csv,Left
MI CSV\cellula_MI_data_1989.csv,Right
MI CSV\cellula_MI_data_1990.csv,Right
MI CSV\cellula_MI_data_1991.csv,Left
MI CSV\cellula_MI_data_1992.csv,Right
MI CSV\cellula_MI_data_1993.csv,Left
MI CSV\cellula_MI_data_1994.csv,Left
MI CSV\cellula_MI_data_1995.csv,Right
MI CSV\cellula_MI_data_1996.csv,Left
MI CSV\cellula_MI_data_1997.csv,Right
MI CSV\cellula_MI_data_1998.csv,Right
MI CSV\cellula_MI_data_1999.csv,Left
MI CSV\cellula_MI_data_2000.csv,Right
MI CSV\cellula_MI_data_2001.csv,Left
MI CSV\cellula_MI_data_2002.csv,Right
MI CSV\cellula_MI_data_2003.csv,Left
MI CSV\cellula_MI_data_2004.csv,Right
MI CSV\cellula_MI_data_2005.csv,Right
MI CSV\cellula_MI_data_2006.csv,Right
MI CSV\cellula_MI_data_2007.csv,Right
MI CSV\cellula_MI_data_2008.csv,Right
MI CSV\cellula_MI_data_2009.csv,Left
MI CSV\cellula_MI_data_2010.csv,Right
MI CSV\cellula_MI_data_2011.csv,Right
MI CSV\cellula_MI_data_2012.csv,Right
MI CSV\cellula_MI_data_2013.csv,Left
MI CSV\cellula_MI_data_2014.csv,Right
MI CSV\cellula_MI_data_2015.csv,Right
MI CSV\cellula_MI_data_2016.csv,Right
MI CSV\cellula_MI_data_2017.csv,Left
MI CSV\cellula_MI_data_2018.csv,Right
MI CSV\cellula_MI_data_2019.csv,Right
MI CSV\cellula_MI_data_2020.csv,Right
MI CSV\cellula_MI_data_2021.csv,Right
MI CSV\cellula_MI_data_2022.csv,Right
MI CSV\cellula_MI_data_2023.csv,Left
MI CSV\cellula_MI_data_2024.csv,Right
MI CSV\cellula_MI_data_2025.csv,Left
MI CSV\cellula_MI_data_2026.csv,Left
MI CSV\cellula_MI_data_2027.csv,Right
MI CSV\cellula_MI_data_2028.csv,Left
MI CSV\cellula_MI_data_2029.csv,Left
MI CSV\cellula_MI_data_2030.csv,Right
MI CSV\cellula_MI_data_2031.csv,Right
MI CSV\cellula_MI_data_2032.csv,Left
MI CSV\cellula_MI_data_2033.csv,Left
MI CSV\cellula_MI_data_2034.csv,Right
MI CSV\cellula_MI_data_2035.csv,Right
MI CSV\cellula_MI_data_2036.csv,Left
MI CSV\cellula_MI_data_2037.csv,Right
MI CSV\cellula_MI_data_2038.csv,Right
MI CSV\cellula_MI_data_2039.csv,Right
MI CSV\cellula_MI_data_2040.csv,Left
MI CSV\cellula_MI_data_2041.csv,Left
MI CSV\cellula_MI_data_2042.csv,Left
MI CSV\cellula_MI_data_2043.csv,Right
MI CSV\cellula_MI_data_2044.csv,Left
MI CSV\cellula_MI_data_2045.csv,Left
MI CSV\cellula_MI_data_2046.csv,Right
MI CSV\cellula_MI_data_2047.csv,Left
MI CSV\cellula_MI_data_2048.csv,Right
MI CSV\cellula_MI_data_2049.csv,Left
MI CSV\cellula_MI_data_2050.csv,Right
MI CSV\cellula_MI_data_2051.csv,Right
MI CSV\cellula_MI_data_2052.csv,Right
MI CSV\cellula_MI_data_2053.csv,Left
MI CSV\cellula_MI_data_2054.csv,Right
MI CSV\cellula_MI_data_2055.csv,Left
MI CSV\cellula_MI_data_2056.csv,Left
MI CSV\cellula_MI_data_2057.csv,Left
MI CSV\cellula_MI_data_2058.csv,Left
MI CSV\cellula_MI_data_2059.csv,Left
MI CSV\cellula_MI_data_2060.csv,Right
MI CSV\cellula_MI_data_2061.csv,Left
MI CSV\cellula_MI_data_2062.csv,Right
MI CSV\cellula_MI_data_2063.csv,Right
MI CSV\cellula_MI_data_2064.csv,Right
MI CSV\cellula_MI_data_2065.csv,Left
MI CSV\cellula_MI_data_2066.csv,Right
MI CSV\cellula_MI_data_2067.csv,Right
MI CSV\cellula_MI_data_2068.csv,Right
MI CSV\cellula_MI_data_2069.csv,Left
MI CSV\cellula_MI_data_2070.csv,Left
MI CSV\cellula_MI_data_2071.csv,Left
MI CSV\cellula_MI_data_2072.csv,Right
MI CSV\cellula_MI_data_2073.csv,Left
MI CSV\cellula_MI_data_2074.csv,Right
MI CSV\cellula_MI_data_2075.csv,Right
MI CSV\cellula_MI_data_2076.csv,Right
MI CSV\cellula_MI_data_2077.csv,Left
MI CSV\cellula_MI_data_2078.csv,Left
MI CSV\cellula_MI_data_2079.csv,Right
MI CSV\cellula_MI_data_2080.csv,Left
MI CSV\cellula_MI_data_2081.csv,Left
MI CSV\cellula_MI_data_2082.csv,Left
MI CSV\cellula_MI_data_2083.csv,Left
MI CSV\cellula_MI_data_2084.csv,Right
MI CSV\cellula_MI_data_2085.csv,Left
MI CSV\cellula_MI_data_2086.csv,Right
MI CSV\cellula_MI_data_2087.csv,Left
MI CSV\cellula_MI_data_2088.csv,Left
MI CSV\cellula_MI_data_2089.csv,Right
MI CSV\cellula_MI_data_2090.csv,Right
MI CSV\cellula_MI_data_2091.csv,Right
MI CSV\cellula_MI_data_2092.csv,Left
MI CSV\cellula_MI_data_2093.csv,Left
MI CSV\cellula_MI_data_2094.csv,Right
MI CSV\cellula_MI_data_2095.csv,Left
MI CSV\cellula_MI_data_2096.csv,Right
MI CSV\cellula_MI_data_2097.csv,Left
MI CSV\cellula_MI_data_2098.csv,Right
MI CSV\cellula_MI_data_2099.csv,Right
MI CSV\cellula_MI_data_2100.csv,Right
MI CSV\cellula_MI_data_2101.csv,Right
MI CSV\cellula_MI_data_2102.csv,Right
MI CSV\cellula_MI_data_2103.csv,Right
MI CSV\cellula_MI_data_2104.csv,Left
MI CSV\cellula_MI_data_2105.csv,Right
MI CSV\cellula_MI_data_2106.csv,Right
MI CSV\cellula_MI_data_2107.csv,Left
MI CSV\cellula_MI_data_2108.csv,Right
MI CSV\cellula_MI_data_2109.csv,Right
MI CSV\cellula_MI_data_2110.csv,Right
MI CSV\cellula_MI_data_2111.csv,Right
MI CSV\cellula_MI_data_2112.csv,Right
MI CSV\cellula_MI_data_2113.csv,Right
MI CSV\cellula_MI_data_2114.csv,Left
MI CSV\cellula_MI_data_2115.csv,Left
MI CSV\cellula_MI_data_2116.csv,Right
MI CSV\cellula_MI_data_2117.csv,Right
MI CSV\cellula_MI_data_2118.csv,Left
MI CSV\cellula_MI_data_2119.csv,Left
MI CSV\cellula_MI_data_2120.csv,Left
MI CSV\cellula_MI_data_2121.csv,Left
MI CSV\cellula_MI_data_2122.csv,Left
MI CSV\cellula_MI_data_2123.csv,Left
MI CSV\cellula_MI_data_2124.csv,Left
MI CSV\cellula_MI_data_2125.csv,Left
MI CSV\cellula_MI_data_2126.csv,Left
MI CSV\cellula_MI_data_2127.csv,Right
MI CSV\cellula_MI_data_2128.csv,Right
MI CSV\cellula_MI_data_2129.csv,Right
MI CSV\cellula_MI_data_2130.csv,Left
MI CSV\cellula_MI_data_2131.csv,Left
MI CSV\cellula_MI_data_2132.csv,Right
MI CSV\cellula_MI_data_2133.csv,Right
MI CSV\cellula_MI_data_2134.csv,Right
MI CSV\cellula_MI_data_2135.csv,Right
MI CSV\cellula_MI_data_2136.csv,Right
MI CSV\cellula_MI_data_2137.csv,Left
MI CSV\cellula_MI_data_2138.csv,Left
MI CSV\cellula_MI_data_2139.csv,Right
MI CSV\cellula_MI_data_2140.csv,Left
MI CSV\cellula_MI_data_2141.csv,Right
MI CSV\cellula_MI_data_2142.csv,Left
MI CSV\cellula_MI_data_2143.csv,Left
MI CSV\cellula_MI_data_2144.csv,Left
MI CSV\cellula_MI_data_2145.csv,Right
MI CSV\cellula_MI_data_2146.csv,Left
MI CSV\cellula_MI_data_2147.csv,Left
MI CSV\cellula_MI_data_2148.csv,Right
MI CSV\cellula_MI_data_2149.csv,Right
MI CSV\cellula_MI_data_2150.csv,Right
MI CSV\cellula_MI_data_2151.csv,Left
MI CSV\cellula_MI_data_2152.csv,Right
MI CSV\cellula_MI_data_2153.csv,Left
MI CSV\cellula_MI_data_2154.csv,Left
MI CSV\cellula_MI_data_2155.csv,Left
MI CSV\cellula_MI_data_2156.csv,Left
MI CSV\cellula_MI_data_2157.csv,Left
MI CSV\cellula_MI_data_2158.csv,Right
MI CSV\cellula_MI_data_2159.csv,Right
MI CSV\cellula_MI_data_2160.csv,Right
